property_type,location,price_m2
Villa,Oasis,19645.61
Résidence,Anfa,36585.37
Appartement,Aïn Sebaâ,11404.52
Appartement,Diab Extension,13725.49
Appartement,Beauséjour,11538.46
Appartement,Roches Noires,11025.64
Appartement,Aïn Sebaâ,12500.0
Appartement,Ain Diab,28865.98
Studio,Les princesses,21818.18
Villa,Aïn Sebaâ,13750.0
Appartement,Maarif,17127.07
Appartement,Oasis,21818.18
Appartement,Palmier,21428.57
Appartement,Palmier,21636.36
Appartement,Gauthier,28358.21
Appartement,Laymoune,173.68
Duplex,Hay Mohammadi,8039.22
Appartement,Aïn Sebaâ,11440.57
Appartement,Diab Extension,14285.71
Résidence,Californie,16913.53
Duplex,Beauséjour,12364.34
Studio,Gauthier,27380.95
Studio,Les Hôpitaux,26666.67
Appartement,Bourgogne,17391.3
Appartement,Riviera,18901.23
Appartement,Sidi Moumen,7647.06
Appartement,Bourgogne,25348.84
Appartement,Finance City,24000.0
Appartement,Palmier,15625.0
Appartement,Anfa,15714.29
Appartement,Maarif,12222.22
Appartement,Belvédère,12601.63
Studio,Belvédère,15454.55
Studio,Bourgogne,23214.29
Appartement,Oasis,25000.0
Appartement,Mers Sultan,12380.95
Appartement,Les princesses,12800.0
Villa,Sidi Maârouf,10540.54
Studio,Bourgogne,26750.0
Appartement,Bourgogne,12000.0
Appartement,Aïn Sebaâ,13284.42
Appartement,Diab Extension,13148.15
Studio,Les princesses,26250.0
Appartement,Oasis,17187.5
Studio,Riviera,23224.14
Appartement,Sidi Moumen,7586.21
Appartement,Quartier Bachkou,13694.27
Appartement,Bourgogne,14814.81
Appartement,Les Hôpitaux,12686.57
Appartement,Beauséjour,11890.24
Appartement,Maarif,14044.94
Appartement,Gauthier,25128.21
Appartement,Maarif,11904.76
Appartement,Mers Sultan,10902.26
Appartement,Mers Sultan,11200.0
Appartement,Diab Extension,14608.7
Appartement,Aïn Sebaâ,9753.95
Appartement,Diab Extension,13148.15
Appartement,Riviera,20207.79
Appartement,Sidi Moumen,7350.0
Appartement,Palmier,25000.0
Appartement,Bourgogne,19642.86
Appartement,Les princesses,28444.44
Appartement,Oasis,23600.0
Villa,Anfa,18549.75
Villa,Californie,13664.6
Appartement,Les princesses,14052.29
Villa,Anfa,22029.7
Maison,Sidi Maârouf,6400.0
Appartement,Belvédère,5704.7
Appartement,Les princesses,15789.47
Appartement,Ain Diab,27810.65
Villa,Ain Diab,20205.48
Immeuble,Centre Ville,10000.0
Appartement,Belvédère,6666.67
Appartement,Aïn Sebaâ,11645.57
Appartement,Aïn Sebaâ,11191.37
Appartement,Diab Extension,13148.15
Studio,Les Hôpitaux,12650.0
Studio,Palmier,22500.0
Studio,Riviera,22000.0
Appartement,Sidi Moumen,7592.59
Appartement,Les princesses,12400.0
Appartement,Bourgogne,15500.0
Appartement,Oasis,23289.47
Villa,Ain Diab,21666.67
Villa,Anfa,23888.89
Studio,Alsace Lorraine,20232.56
Appartement,Maarif,20333.33
Appartement,Bourgogne,12688.17
Studio,Les princesses,18493.15
Villa,Diab Extension,15000.0
Appartement,Aïn Sebaâ,10879.12
Studio,Riviera,20985.71
Villa,Anfa,17250.0
Villa,Anfa,36000.0
Villa,Anfa,19090.91
Appartement,Finance City,22264.15
Appartement,Les princesses,25600.0
Appartement,Finance City,23095.24
Studio,Mers Sultan,16666.67
Appartement,Gauthier,14736.84
Appartement,Derb Ghalef,17816.09
Appartement,Aïn Sebaâ,12316.34
Appartement,Aïn Sebaâ,12922.08
Appartement,Val Fleury,15040.65
Studio,Riviera,21709.3
Appartement,Sidi Moumen,8000.0
Appartement,Les princesses,21200.0
Villa,Californie,13333.33
Villa,Californie,19480.52
Studio,Oasis,22692.31
Appartement,Les princesses,22000.0
Appartement,Palmier,20535.71
Appartement,Maarif,15108.7
Appartement,Gauthier,14444.44
Villa,Sidi Maârouf,11350.0
Villa,Diab Extension,15900.0
Studio,Bourgogne,25000.0
Appartement,Laymoune,16666.67
Appartement,Aïn Sebaâ,12211.24
Appartement,Aïn Sebaâ,10097.09
Appartement,Diab Extension,17252.4
Appartement,Ain Diab,26829.27
Villa,Ain Diab,21533.33
Appartement,Riviera,19986.3
Villa,Aïn Chock,15909.09
Studio,Oasis,22400.0
Studio,Palmier,18769.23
Studio,Oasis,14042.55
Studio,Les princesses,13025.21
Studio,Riviera,27380.95
Studio,Les princesses,22641.51
Studio,Gauthier,145.45
Appartement,Roches Noires,11358.02
Appartement,Aïn Sebaâ,10000.0
Appartement,Hay Hassani,14851.49
Appartement,Californie,17500.0
Studio,Oasis,18219.18
Appartement,Oasis,23600.0
Appartement,Anfa,31147.54
Studio,Palmier,24905.66
Immeuble,Maarif,23076.92
Villa,Les Hôpitaux,12408.76
Villa,Ain Diab,12256.27
Appartement,Bourgogne,14824.12
Appartement,Californie,15294.12
Résidence,Alsace Lorraine,16666.67
Appartement,Palmier,12982.46
Appartement,Anfa,31147.54
Résidence,Finance City,15277.78
Appartement,Laymoune,16336.63
Studio,Finance City,28571.43
Appartement,Anfa,36585.37
Appartement,Californie,17072.92
Appartement,Bourgogne,13440.86
Appartement,Palmier,18787.88
Appartement,Mers Sultan,18560.61
Appartement,Oasis,20377.36
Appartement,Palmier,21071.43
Appartement,Les princesses,15000.0
Appartement,Les princesses,16535.43
Appartement,Bourgogne,10582.35
Studio,Palmier,29696.97
Appartement,Anfa,36585.37
Appartement,Californie,20779.07
Studio,Les princesses,17142.86
Appartement,Anfa,33112.58
Studio,Les princesses,22000.0
Riad,Riad,24000.0
Immeuble,Beauséjour,13186.81
Appartement,Nassim 1,10235.29
Villa,Ain Diab,20500.0
Appartement,Bourgogne,20952.38
Appartement,Bourgogne,16666.67
Appartement,Maarif,10330.58
Appartement,Diab Extension,14285.71
Appartement,Mers Sultan,6994.82
Appartement,Maarif,15873.02
Appartement,Anfa,33112.58
Studio,Oasis,20307.69
Studio,Palmier,24107.14
Appartement,Aïn Sebaâ,8522.73
Appartement,Finance City,30434.78
Appartement,Hay Hassani,14851.49
Appartement,Californie,20557.69
Appartement,Aïn Sebaâ,10370.37
Appartement,Sidi Maârouf,10500.0
Appartement,Les Hôpitaux,13311.69
Appartement,Roches Noires,7325.58
Appartement,Mers Sultan,14465.41
Appartement,Bourgogne,17355.37
Appartement,Maarif,20000.0
Appartement,Bourgogne,13076.92
Appartement,Les princesses,13725.49
Villa,Californie,15522.39
Appartement,Medina,9333.33
Villa,Ain Diab,26479.75
Appartement,Les princesses,17543.86
Appartement,Les princesses,17919.08
Appartement,Aïn Sebaâ,11333.33
Studio,Riviera,23584.91
Appartement,Aïn Sebaâ,13263.25
Appartement,Bourgogne,19262.3
Appartement,Ain Diab,20136.52
Appartement,Ain Diab,29545.45
Studio,Hay Hassani,15400.0
Villa,Diab Extension,20373.51
Appartement,Finance City,23960.0
Appartement,Diab Extension,28461.54
Villa,Californie,22222.22
Appartement,Maarif,16101.69
Villa,Nassim 2,10256.41
Appartement,Riviera,13790.54
Villa,Ain Diab,21533.33
Appartement,Aïn Sebaâ,10759.49
Studio,Riviera,20055.56
Appartement,Aïn Sebaâ,14267.21
Studio,Oasis,23404.26
Villa,Diab Extension,28571.43
Appartement,Gauthier,13372.09
Appartement,Bourgogne,13257.58
Appartement,Beauséjour,11870.5
Appartement,Californie,20779.07
Appartement,Riviera,16791.67
Appartement,Anfa,25144.51
Villa,Californie,20000.0
Villa,Anfa,42857.14
Appartement,Maarif,11038.96
Appartement,Californie,16913.53
Appartement,Aïn Sebaâ,10101.01
Studio,Riviera,19835.16
Appartement,Aïn Sebaâ,12865.47
Appartement,Belvédère,140776.7
Appartement,Gauthier,16666.67
Villa,Anfa,17741.94
Immeuble,Mers Sultan,36000.0
Villa,Californie,17500.0
Villa,Ain Diab,25571.43
Villa,Anfa,33333.33
Studio,Les princesses,30952.38
Villa,Ain Diab,22000.0
Studio,Riviera,17183.67
Appartement,Anfa,26455.03
Appartement,Californie,17072.92
Appartement,Aïn Sebaâ,10400.0
Appartement,Aïn Sebaâ,14406.59
Appartement,Val Fleury,20000.0
Appartement,Belvédère,14408.6
Appartement,Gauthier,19491.53
Villa,Maarif,31250.0
Appartement,Diab Extension,15079.37
Villa,Ain Diab,19292.04
Appartement,Beauséjour,19090.91
Appartement,Anfa,26627.22
Appartement,Ain Diab,24725.27
Appartement,Californie,17078.95
Appartement,Aïn Sebaâ,10061.73
Studio,Riviera,21312.5
Appartement,Aïn Sebaâ,11387.25
Appartement,Val Fleury,15813.95
Appartement,Belvédère,12845.53
Appartement,Palmier,15252.53
Appartement,Maarif,16980.77
Appartement,Roches Noires,15714.29
Appartement,Diab Extension,15048.54
Appartement,Diab Extension,15079.37
Appartement,Gauthier,13358.78
Villa,Diab Extension,24886.36
Appartement,Finance City,110.17
Appartement,Californie,17050.0
Appartement,Anfa,27372.26
Appartement,Maarif,16641.22
Appartement,Californie,16913.53
Studio,Riviera,21917.81
Appartement,Val Fleury,20555.56
Appartement,Belvédère,12461.54
Appartement,Palmier,18072.92
Appartement,Maarif,15877.78
Appartement,Roches Noires,15714.29
Appartement,Diab Extension,11502.35
Appartement,Diab Extension,14285.71
Penthouse,Anfa,25786.16
Appartement,Ain Diab,28934.01
Villa,Nassim 2,7734.38
Appartement,Aïn Sebaâ,11341.46
Appartement,Maarif,20701.75
Appartement,Californie,20557.69
Appartement,Anfa,27218.93
Studio,Maarif,24363.64
Appartement,Les princesses,15691.49
Appartement,Maarif,13306.45
Studio,Oasis,24683.54
Appartement,Val Fleury,18941.18
Appartement,Belvédère,12393.16
Appartement,Maarif,17126.44
Appartement,Roches Noires,15714.29
Duplex,Diab Extension,14166.67
Appartement,Diab Extension,15079.37
Appartement,Alsace Lorraine,20232.56
Appartement,Californie,17020.2
Penthouse,Anfa,27218.93
Appartement,Gauthier,19000.0
Appartement,Gauthier,13043.48
Studio,Riviera,180.85
Studio,Alsace Lorraine,18048.78
Appartement,Les princesses,11263.74
Villa,Ain Diab,18471.34
Appartement,Californie,17214.29
Appartement,Anfa,25786.16
Appartement,Sidi Moumen,8010.75
Appartement,Diab Extension,20000.0
Studio,Les Hôpitaux,24583.33
Villa,Californie,19940.18
Loft,Maarif,14153.44
Appartement,Val Fleury,20000.0
Appartement,Belvédère,14074.07
Appartement,Maarif,16768.29
Appartement,Roches Noires,15714.29
Appartement,Diab Extension,15748.03
Appartement,Diab Extension,13725.49
Studio,Les princesses,28888.89
Studio,Californie,18852.46
Villa,Anfa,20512.82
Appartement,Diab Extension,14285.71
Appartement,Aïn Sebaâ,13024.3
Penthouse,Anfa,27218.93
Appartement,Sidi Maârouf,11264.37
Villa,Nassim 2,8666.67
Appartement,Maarif,21000.0
Studio,Riviera,20000.0
Penthouse,Anfa,25786.16
Appartement,Sidi Moumen,7448.98
Studio,Riviera,22950.82
Appartement,Maarif,19620.25
Appartement,Maarif,21666.67
Villa,Californie,16190.48
Appartement,Maarif,14752.48
Appartement,Belvédère,13796.3
Appartement,Roches Noires,15714.29
Studio,Les princesses,28571.43
Studio,Anfa,20930.23
Appartement,Maarif,19696.97
Appartement,Maarif,23162.39
Appartement,Alsace Lorraine,19302.35
Appartement,Les princesses,25400.0
Appartement,Diab Extension,14237.29
Appartement,Aïn Sebaâ,13185.26
Appartement,Hay Chrifa,12643.68
Studio,Maarif,124.0
Appartement,Aïn Sebaâ,11853.92
Appartement,Diab Extension,14175.82
Appartement,Oasis,21875.0
Penthouse,Anfa,26627.22
Appartement,Sidi Moumen,7692.31
Studio,Riviera,22727.27
Appartement,Maarif,13641.03
Appartement,Gauthier,15000.0
Appartement,Val Fleury,20138.89
Appartement,Belvédère,11700.68
Appartement,Roches Noires,15714.29
Appartement,Aïn Sebaâ,11257.28
Appartement,Aïn Sebaâ,10061.73
Villa,Californie,19867.55
Duplex,Maarif,12676.06
Studio,Palmier,33157.89
Appartement,Les princesses,21777.78
Studio,Palmier,29761.9
Appartement,Finance City,19090.91
Appartement,Maarif,15698.92
Studio,Aïn Sebaâ,14489.13
Studio,Maarif,22857.14
Appartement,Les Hôpitaux,15625.0
Penthouse,Anfa,25144.51
Appartement,Sidi Moumen,8315.22
Studio,Riviera,20280.9
Appartement,Belvédère,13064.52
Villa,Ain Diab,20502.39
Appartement,Aïn Sebaâ,11500.0
Appartement,Belvédère,14120.37
Appartement,Roches Noires,15714.29
Duplex,Anfa,20833.33
Appartement,Maarif,19817.07
Appartement,Finance City,120.69
Appartement,Ain Diab,27218.93
Appartement,Diab Extension,13725.49
Appartement,Oasis,20923.08
Studio,Alsace Lorraine,15272.73
Appartement,Diab Extension,15079.37
Appartement,Maarif,12967.03
Studio,Riviera,23623.19
Appartement,Val Fleury,15725.19
Appartement,Belvédère,13978.49
Appartement,Aïn Sebaâ,11721.15
Appartement,Val Fleury,20138.89
Appartement,Belvédère,12892.56
Appartement,Roches Noires,15714.29
Studio,Finance City,163.79
Appartement,Maarif,15802.47
Villa,Ain Diab,28333.33
Villa,Ain Diab,20399.11
Villa,Oulfa,8000.0
Appartement,Sidi Moumen,8387.1
Appartement,Diab Extension,13725.49
Appartement,Californie,19895.29
Appartement,Gauthier,23383.08
Studio,Diab Extension,14441.42
Appartement,Oulfa,101282.05
Appartement,Les princesses,13333.33
Appartement,Belvédère,12822.58
Appartement,Belvédère,13146.07
Appartement,Mers Sultan,12437.81
Appartement,Gauthier,16571.43
Appartement,Gauthier,15348.84
Villa,Californie,18328.45
Appartement,Bourgogne,23684.21
Appartement,Finance City,24444.44
Appartement,Finance City,22641.51
Appartement,Oasis,22500.0
Appartement,Diab Extension,13148.15
Appartement,Palmier,15714.29
Appartement,Les princesses,25000.0
Appartement,Val Fleury,20833.33
Appartement,Belvédère,10945.95
Appartement,Hay Hassani,13291.05
Appartement,Diab Extension,14393.06
Appartement,Belvédère,14074.07
Studio,Riviera,21129.03
Appartement,Maarif,20714.29
Villa,Anfa,24644.95
Appartement,Gauthier,12941.18
Villa,Ain Diab,16208.79
Appartement,Anfa,13583.62
Villa,Ain Diab,14354.07
Appartement,Bourgogne,19117.65
Appartement,Ain Diab,18210.86
Villa,Ain Diab,23622.05
Appartement,Anfa,12000.0
Appartement,Belvédère,13333.33
Appartement,Diab Extension,14415.58
Appartement,Les princesses,22866.67
Appartement,Belvédère,13888.89
Villa,Laymoune,11935.48
Appartement,Gauthier,13333.33
Villa,Anfa,22727.27
Appartement,Anfa,30000.0
Villa,Oasis,17142.86
Appartement,Finance City,24600.0
Appartement,Maarif,16101.69
Appartement,Gauthier,17193.68
Appartement,Mers Sultan,14285.71
Appartement,Val Fleury,20277.78
Appartement,Belvédère,14074.07
Appartement,Diab Extension,12926.83
Studio,Californie,16748.12
Studio,Les princesses,28888.89
Appartement,Belvédère,13057.85
Studio,Val Fleury,18995.5
Appartement,Laymoune,11549.3
Villa,Laymoune,14049.59
Villa,Laymoune,9863.95
Appartement,Les Hôpitaux,19090.91
Appartement,Gauthier,15094.34
Appartement,Gauthier,18928.57
Maison,Hay Mohammadi,32558.14
Villa,Anfa,48000.0
Villa,El Hank,23636.36
Appartement,Maarif,13333.33
Résidence,Laymoune,17000.0
Appartement,Beauséjour,10689.66
Appartement,Bourgogne,13008.13
Appartement,Belvédère,13151.26
Appartement,Diab Extension,14173.23
Appartement,Belvédère,12347.83
Appartement,Maarif,11834.32
Appartement,Californie,11724.14
Duplex,Mers Sultan,14552.24
Appartement,Val Fleury,14780.93
Maison,Hay Mohammadi,3735.63
Appartement,Val Fleury,20740.74
Appartement,Bourgogne,11264.37
Villa,Ain Diab,16237.62
Appartement,Belvédère,14074.07
Appartement,Californie,16978.87
Appartement,Belvédère,11693.55
Appartement,Beauséjour,15625.0
Villa,Anfa,20429.01
Duplex,Ain Diab,16115.7
Appartement,Belvédère,14000.0
Maison,Oulfa,45454.55
Villa,Californie,12396.69
Appartement,Hay Hassani,14086.42
Appartement,Val Fleury,14285.71
Studio,Finance City,31250.0
Appartement,Belvédère,14800.0
Appartement,Californie,16978.87
Appartement,Belvédère,15353.54
Appartement,Finance City,24333.33
Appartement,La Gironde,11111.11
Villa,Californie,18352.94
Appartement,Belvédère,12903.23
Appartement,Belvédère,13057.85
Villa,Ain Diab,20000.0
Studio,Palmier,28409.09
Studio,Palmier,25000.0
Maison,Bourgogne,11145.51
Appartement,Les princesses,12121.21
Appartement,Hay Hassani,13513.51
Appartement,Diab Extension,37864.08
Villa,Diab Extension,26250.0
Appartement,Les princesses,26744.19
Appartement,Aïn Sebaâ,12263.16
Villa,Californie,9893.15
Appartement,Casablanca Marina,43333.33
Appartement,Les princesses,16019.42
Villa,Californie,19510.87
Villa,Californie,17083.33
Appartement,Belvédère,13679.25
Appartement,Belvédère,13888.89
Appartement,Les Hôpitaux,11818.18
Appartement,Hay Hassani,12970.3
Appartement,Gauthier,16141.73
Appartement,Val Fleury,16923.08
Appartement,Les Hôpitaux,14655.17
Appartement,Californie,12777.78
Appartement,Maarif,19743.59
Appartement,Maarif,11157.02
Villa,Laymoune,13269.23
Appartement,Maarif,11212.12
Villa,Laymoune,13583.33
Appartement,Bourgogne,29166.67
Appartement,Les Hôpitaux,10526.32
Appartement,Maarif,14649.68
Appartement,Les princesses,12831.86
Studio,Diab Extension,16388.89
Villa,Californie,14925.37
Appartement,Californie,15757.58
Studio,Ain Diab,35211.27
Appartement,Gauthier,12096.77
Appartement,Belvédère,14259.26
Appartement,Belvédère,12016.13
Appartement,Maarif,10576.92
Appartement,Belvédère,9883.72
Appartement,Belvédère,10714.29
Appartement,Mers Sultan,13503.65
Appartement,Val Fleury,13551.4
Maison,Oulfa,7901.23
Appartement,Maarif,18823.53
Appartement,Casablanca Marina,33862.43
Studio,Oasis,148.94
Appartement,Al Qods,8636.36
Appartement,Bourgogne,80.95
Appartement,Ain Diab,23095.24
Appartement,Gauthier,22105.26
Appartement,Gauthier,18226.6
Villa,Diab Extension,29285.71
Appartement,Belvédère,13981.48
Appartement,Belvédère,13679.25
Appartement,Beauséjour,13636.36
Duplex,Les Hôpitaux,10561.06
Studio,Palmier,23600.0
Appartement,Les Hôpitaux,17692.31
Appartement,Beauséjour,9756.1
Villa,Californie,21500.0
Appartement,Maarif,22222.22
Villa,Palmier,14090.91
Appartement,Ain Diab,26666.67
Résidence,Finance City,32500.0
Appartement,Oasis,20338.98
Appartement,Maarif,13559.32
Appartement,Bourgogne,22480.62
Appartement,Palmier,15714.29
Studio,Bourgogne,14875.0
Appartement,Belvédère,12307.69
Appartement,Belvédère,14800.0
Studio,Palmier,25510.2
Studio,Palmier,28095.24
Appartement,Ain Diab,29100.53
Villa,Californie,27222.22
Appartement,Diab Extension,23189.19
Villa,Ain Diab,16400.0
Villa,Nassim 2,9950.0
Appartement,Belvédère,13888.89
Appartement,Belvédère,12500.0
Appartement,Les Hôpitaux,8823.53
Appartement,Californie,13703.7
Immeuble,Gauthier,16489.36
Villa,Ain Diab,17800.0
Villa,Californie,14370.66
Villa,Diab Extension,9071.43
Appartement,Oulfa,12352.94
Villa,Oasis,14393.94
Appartement,Oulfa,18333.33
Studio,Mers Sultan,28571.43
Appartement,Bourgogne,16470.59
Appartement,Aïn Sebaâ,10000.0
Appartement,Les Hôpitaux,15337.42
Appartement,Belvédère,13888.89
Appartement,Belvédère,13888.89
Appartement,Diab Extension,17252.4
Appartement,Val Fleury,14598.54
Appartement,Californie,14583.33
Villa,Californie,18382.35
Villa,Californie,13453.04
Studio,Mers Sultan,17647.06
Appartement,Al Qods,8787.88
Appartement,Sidi Maârouf,10175.44
Appartement,Maarif,23000.0
Appartement,Les Hôpitaux,12272.73
Appartement,Les princesses,16859.12
Studio,Bourgogne,20000.0
Appartement,Al Qods,8437.5
Maison,Les Hôpitaux,15000.0
Appartement,Val Fleury,14217.69
Appartement,Les Hôpitaux,18309.86
Appartement,Belvédère,13361.34
Appartement,Aïn Chock,14772.73
Appartement,Oulfa,16666.67
Villa,Californie,12454.74
Appartement,Bourgogne,20000.0
Appartement,Val Fleury,16868.69
Appartement,Bourgogne,9883.72
Villa,Ain Diab,25588.24
Appartement,Les Hôpitaux,13928.57
Appartement,La Gironde,11730.77
Appartement,Les Hôpitaux,12738.85
Duplex,Ain Diab,12416.11
Loft,Californie,130.0
Appartement,Maarif,15816.33
Villa,Anfa,29032.26
Appartement,Bourgogne,10000.0
Studio,Palmier,19166.67
Duplex,Californie,16129.03
Villa,Oasis,25000.0
Appartement,Beauséjour,13018.29
Villa,Californie,10181.82
Villa,Aïn Chock,23897.06
Appartement,Oasis,25333.33
Appartement,Ain Diab,43478.26
Appartement,Ain Diab,18032.79
Villa,Dar Bouazza,21176.47
Studio,Bourgogne,32142.86
Studio,Palmier,27777.78
Appartement,Bourgogne,10000.0
Studio,Les princesses,27547.17
Studio,Oasis,23879.31
Appartement,Ain Diab,26190.48
Appartement,Aïn Sebaâ,9310.34
Immeuble,Oulfa,7058.82
Appartement,Gauthier,25000.0
Villa,Laymoune,12258.06
Appartement,Les Hôpitaux,11678.83
Appartement,Aïn Sebaâ,6694.92
Appartement,Val Fleury,16190.48
Appartement,Maarif,13855.42
Appartement,Maarif,19871.79
Villa,Diab Extension,45000.0
Appartement,Quartier Bachkou,18500.0
Appartement,Ain Diab,27941.18
Appartement,Val Fleury,11170.21
Studio,Roches Noires,116.67
Appartement,Beauséjour,14000.0
Villa,Californie,9.38
Appartement,Derb Ghalef,10000.0
Appartement,Roches Noires,9583.33
Appartement,Roches Noires,10085.47
Appartement,Les Hôpitaux,16666.67
Appartement,Mers Sultan,15384.62
Appartement,Les Hôpitaux,11428.57
Appartement,Quartier Bachkou,13061.22
Studio,Centre Ville,20000.0
Appartement,Mers Sultan,11292.52
Appartement,La Gironde,13068.18
Appartement,Oulfa,13000.0
Local commercial,Belvédère,35454.55
Appartement,Oulfa,10194.17
Appartement,Mers Sultan,12857.14
Appartement,Derb Ghalef,17788.46
Appartement,Aïn Chock,12781.95
Appartement,Les Hôpitaux,113.45
Appartement,Oulfa,100.0
Appartement,Laymoune,10136.99
Appartement,Les princesses,20000.0
Appartement,Gauthier,300000.0
Appartement,Maarif,15602.84
Appartement,Bourgogne,16666.67
Appartement,Alsace Lorraine,11616.16
Appartement,Oasis,17978.72
Résidence,Gauthier,13983.05
Appartement,Oulfa,10483.87
Appartement,Val Fleury,14130.43
Appartement,Les princesses,121.43
Appartement,Bourgogne,17326.73
Appartement,Aïn Chock,10280.37
Appartement,Maarif,12000.0
Appartement,Finance City,166.67
Appartement,Sidi Maârouf,11800.0
Appartement,Mers Sultan,10055.87
Villa,Anfa,15348.84
Appartement,Californie,15699.3
Immeuble,Oulfa,18181.82
Appartement,Bourgogne,20710.06
Appartement,Oulfa,10000.0
Appartement,Palmier,13571.43
Appartement,Al Qods,61666.67
Studio,Roches Noires,15217.39
Studio,Californie,17011.28
Appartement,Californie,17094.02
Studio,Californie,17333.33
Appartement,Californie,16239.04
Villa,Anfa,30909.09
Riad,Oulfa,7755.1
Appartement,Californie,14285.71
Villa,Californie,12771.39
Villa,Oasis,30.07
Appartement,Bourgogne,8482.14
Appartement,Bourgogne,14898.99
Appartement,Les princesses,11949.69
Villa,Oasis,16923.08
Villa,Californie,13666.35
Appartement,Californie,15860.0
Appartement,Californie,17020.2
Studio,Palmier,148.15
Appartement,Gauthier,19004.52
Appartement,Bourgogne,14285.71
Appartement,Maarif,13861.39
Penthouse,Ain Diab,77777.78
Duplex,Oasis,18518.52
Appartement,Roches Noires,135.48
Appartement,Val Fleury,13593.75
Studio,Oasis,26923.08
Appartement,Finance City,27500.0
Appartement,Sidi Maârouf,12676.06
Villa,Diab Extension,13666.67
Appartement,La Gironde,11333.33
Appartement,Bourgogne,23076.92
Appartement,Bourgogne,10294.12
Villa,Californie,13809.52
Appartement,Belvédère,70.37
Appartement,Bourgogne,24031.01
Villa,Californie,21505.38
Appartement,Palmier,17803.03
Immeuble,Maarif,30042.92
Appartement,Quartier Bachkou,15089.29
Villa,Anfa,17000.0
Appartement,Maarif,11764.71
Appartement,Gauthier,15000.0
Appartement,Les princesses,16386.55
Appartement,Maarif,12921.35
Villa,Californie,84000.0
Studio,Maarif,157.89
Studio,Les Hôpitaux,17358.49
Appartement,Belvédère,11704.55
Villa,Californie,14285.71
Appartement,Maarif,25961.54
Appartement,Anfa,12000.0
Appartement,Gauthier,12500.0
Appartement,Belvédère,12708.33
Appartement,Centre Ville,13714.29
Appartement,Beauséjour,15714.29
Villa,Oasis,19025.88
Villa,Aïn Chock,26666.67
Villa,Anfa,20000.0
Villa,Anfa,19638.24
Appartement,Roches Noires,152.56
Appartement,Gauthier,15270.94
Villa,Ain Diab,22000.0
Studio,Mers Sultan,17857.14
Villa,Diab Extension,18101.55
Villa,Californie,10218.98
Appartement,Hay Mohammadi,275229.36
Villa,Californie,16923.08
Appartement,Californie,18800.0
Villa,Anfa,23000.0
Appartement,Oulfa,10175.44
Appartement,Sidi Moumen,6363.64
Studio,Riviera,23265.31
Appartement,Roches Noires,10222.22
Villa,Californie,13809.52
Appartement,Les princesses,12765.96
Riad,Medina,22857.14
Villa,Sidi Maârouf,8300.0
Appartement,Oulfa,8035.71
Appartement,Californie,13500.0
Appartement,Californie,14000.0
Villa,Californie,16477.27
Appartement,Les princesses,13207.55
Appartement,Belvédère,11971.83
Appartement,Oulfa,12222.22
Maison,Ain Diab,21238.94
Studio,Finance City,23164.56
Appartement,Finance City,20526.32
Appartement,La Gironde,9565.22
Villa,Californie,21505.38
Villa,Californie,15000.0
Appartement,Ain Diab,18367.35
Appartement,Californie,16981.13
Appartement,Beauséjour,10000.0
Studio,Ain Diab,42187.5
Appartement,Finance City,18446.6
Appartement,Finance City,23228.35
Appartement,Gauthier,20402.3
Appartement,Les princesses,21929.82
Appartement,Les princesses,25000.0
Appartement,Oulfa,6964.29
Appartement,Maarif,8636.36
Appartement,Ain Diab,22727.27
Appartement,Gauthier,15204.68
Appartement,Oulfa,7857.14
Villa,Ain Diab,18933.33
Appartement,Les princesses,16115.7
Studio,Palmier,24000.0
Appartement,Palmier,15172.41
Maison,Mers Sultan,15384.62
Penthouse,Maarif,22929.94
Appartement,Gauthier,26500.0
Appartement,Gauthier,13671.88
Appartement,La Gironde,10937.5
Maison,Hay Hassani,8444.44
Duplex,Mers Sultan,14552.24
Appartement,Ain Diab,21818.18
Studio,Bourgogne,20652.17
Villa,Californie,15000.0
Appartement,Palmier,23118.28
Villa,Californie,14969.14
Villa,Californie,22580.65
Appartement,Maarif,13913.04
Appartement,La Gironde,10335.29
Villa,Gauthier,17785.23
Appartement,Roches Noires,10357.14
Appartement,Hay Hassani,8908.05
Appartement,Les Hôpitaux,9765.62
Appartement,Les Hôpitaux,15915.49
Studio,Bourgogne,28877.33
Duplex,Les Hôpitaux,16987.18
Studio,Bourgogne,32640.0
Appartement,Californie,18292.68
Appartement,Bourgogne,19512.2
Villa,Ain Diab,36666.67
Villa,Diab Extension,12000.0
Villa,Anfa,17647.06
Villa,Ain Diab,15855.86
Villa,Californie,14095.24
Appartement,Californie,17815.0
Bureau,Maarif,214.29
Appartement,Ain Diab,25000.0
Villa,Californie,14031.81
Appartement,Maarif,16000.0
Appartement,Californie,25000.0
Villa,Californie,9289.1
Appartement,Gauthier,15000.0
Appartement,Les Hôpitaux,11842.11
Studio,Palmier,20422.54
Studio,Gauthier,27380.95
Studio,Palmier,27380.95
Appartement,Belvédère,14414.41
Appartement,Maarif,13978.49
Appartement,Bourgogne,120.83
Appartement,Sidi Maârouf,12500.0
Appartement,Belvédère,10280.37
Appartement,Maarif,15104.17
Appartement,Gauthier,15151.52
Villa,Californie,13117.87
Appartement,Diab Extension,18253.97
Studio,Gauthier,18676.47
Villa,Californie,12056.07
Villa,Sidi Maârouf,12605.04
Villa,Anfa,33333.33
Villa,Sidi Maârouf,17073.17
Appartement,La Gironde,11923.08
Appartement,Maarif,1621.62
Appartement,Oulfa,12264.15
Villa,Anfa,32500.0
Appartement,Les Hôpitaux,16565.66
Appartement,Aïn Sebaâ,189.47
Appartement,Gauthier,16780.82
Appartement,Gauthier,17857.14
Appartement,Les princesses,26478.87
Appartement,Al Qods,17500.0
Villa,Oulfa,6250.0
Appartement,Gauthier,17803.03
Appartement,Maarif,19858.16
Appartement,Palmier,16772.15
Appartement,Finance City,25196.85
Appartement,Californie,15765.77
Appartement,Oulfa,8405.8
Appartement,Les princesses,20000.0
Appartement,Hay Salama,7857.14
Appartement,Les princesses,16455.7
Appartement,Les Hôpitaux,14141.41
Duplex,Finance City,24062.5
Maison,Dar Bouazza,15384.62
Appartement,Dar Bouazza,18707.48
Appartement,Dar Bouazza,14904.46
Maison,Dar Bouazza,15071.77
Maison,Dar Bouazza,14560.44
Appartement,Maarif,13500.0
Appartement,Belvédère,15625.0
Villa,Californie,15399.42
Appartement,Maarif,12871.29
Appartement,Oulfa,9545.45
Appartement,Les Hôpitaux,98.77
Studio,Bourgogne,26709.43
Appartement,Aïn Sebaâ,9793.81
Appartement,Val Fleury,9750.0
Villa,Ain Diab,21777.78
Villa,Ain Diab,27419.35
Appartement,Les Hôpitaux,13793.1
Villa,Ain Diab,20439.56
Villa,Oasis,18457.94
Villa,Californie,15000.0
Appartement,Maarif,14746.54
Villa,Aïn Sebaâ,13567.84
Villa,Anfa,24060.15
Appartement,Palmier,15963.86
Maison,Maarif,13333.33
Studio,Oasis,24583.33
Villa,Laymoune,14836.8
Studio,Finance City,28409.09
Duplex,Mers Sultan,16987.18
Duplex,Bourgogne,11068.7
Appartement,Maarif,17000.0
Appartement,Oasis,24615.38
Appartement,Les princesses,30487.8
Appartement,Nassim 1,14000.0
Villa,Ain Diab,24671.05
Appartement,Quartier Bachkou,15084.75
Duplex,Les Hôpitaux,16987.18
Appartement,Maarif,9062.5
Appartement,Ain Diab,35135.14
Appartement,Ain Diab,26277.37
Appartement,Al Qods,9010.99
Appartement,Californie,16791.04
Appartement,Les Hôpitaux,15272.73
Appartement,Maarif,12190.48
Studio,Palmier,21111.11
Appartement,Finance City,36000.0
Appartement,Nassim 1,8988.76
Appartement,Bourgogne,15957.45
Appartement,Val Fleury,14432.99
Appartement,Les Hôpitaux,11206.9
Appartement,Maarif,15168.54
Villa,Nassim 2,17125.0
Studio,Les princesses,23863.64
Appartement,Californie,22131.15
Appartement,Les Hôpitaux,12025.32
Appartement,Sidi Maârouf,12460.32
Appartement,Les princesses,16025.64
Villa,Californie,25000.0
Studio,Bourgogne,21818.18
Villa,Al Qods,14384.62
Villa,Ain Diab,19230.77
Maison,Aïn Chock,57142.86
Duplex,Californie,11823.9
Appartement,Beauséjour,12781.46
Appartement,Maarif,10743.8
Appartement,Les Hôpitaux,12777.78
Appartement,Bourgogne,15294.12
Appartement,Alsace Lorraine,11363.64
Appartement,Mers Sultan,12686.57
Appartement,Maarif,10000.0
Appartement,Aïn Sebaâ,9600.0
Appartement,Palmier,16000.0
Appartement,Maarif,19230.77
Appartement,Maarif,11711.71
Appartement,Quartier Bachkou,15217.39
Appartement,Les Hôpitaux,16969.7
Appartement,Aïn Chock,11111.11
Appartement,Bourgogne,18319.67
Appartement,Anfa,12222.22
Villa,Al Qods,31355.93
Duplex,Centre Ville,16661.76
Studio,Riviera,23958.33
Appartement,Maarif,69.57
Appartement,Belvédère,6532.26
Appartement,Californie,18939.39
Villa,Laymoune,13846.15
Appartement,Aïn Sebaâ,11794.87
Appartement,Anfa,19008.26
Villa,Anfa,22222.22
Appartement,Californie,17021.28
Appartement,Palmier,13190.18
Villa,Anfa,24752.48
Villa,Sidi Maârouf,13000.0
Appartement,Ain Diab,23636.36
Appartement,La Gironde,10913.98
Villa,Ain Diab,30000.0
Appartement,Roches Noires,8914.73
Appartement,Al Qods,8256.88
Studio,Oulfa,15000.0
Villa,Nassim 2,16363.64
Villa,Californie,14653.47
Appartement,Palmier,15172.41
Studio,Bourgogne,30600.0
Villa,Ain Diab,18763.8
Villa,Les princesses,16666.67
Appartement,Gauthier,12857.14
Villa,Californie,14272.73
Résidence,Palmier,17032.97
Villa,Anfa,14359.35
Villa,Californie,9270.7
Résidence,Diab Extension,14393.94
Duplex,Maarif,17005.08
Villa,Sidi Maârouf,13751.99
Appartement,Hay Mohammadi,11612.9
Studio,Les princesses,31682.93
Appartement,Maarif,50000.0
Appartement,Casablanca Marina,32857.14
Maison,Aïn Sebaâ,111111.11
Studio,Oasis,166.67
Studio,Les Hôpitaux,27000.0
Appartement,Bourgogne,18319.67
Appartement,Sidi Maârouf,13636.36
Appartement,Maarif,15319.15
Appartement,La Gironde,13043.48
Appartement,Gauthier,15079.37
Appartement,Finance City,22613.07
Appartement,Bourgogne,15602.84
Appartement,Californie,13698.63
Appartement,Oulfa,8928.57
Appartement,Palmier,14642.86
Appartement,Quartier Bachkou,14071.43
Appartement,Maarif,11111.11
Studio,Les princesses,13636.36
Villa,Anfa,33000.0
Appartement,Les Hôpitaux,12704.92
Appartement,Bourgogne,20827.38
Appartement,Hay Mohammadi,8586.96
Appartement,Aïn Sebaâ,195.95
Appartement,Oulfa,7058.82
Résidence,Casablanca Marina,35937.5
Villa,Californie,24793.39
Villa,Ain Diab,20698.92
Appartement,Ain Diab,25500.0
Résidence,Ain Diab,17297.3
Appartement,Ain Diab,27250.0
Appartement,Ain Diab,27000.0
Villa,Diab Extension,17500.0
Appartement,Finance City,25238.1
Mezzanine,Ain Diab,18518.52
Appartement,Ain Diab,36231.88
Appartement,Les Hôpitaux,11538.46
Appartement,Quartier Bachkou,10625.0
Studio,Gauthier,21538.46
Villa,Nassim 2,9750.0
Appartement,Maarif,17346.94
Appartement,Les princesses,13207.55
Villa,Ain Diab,22336.07
Appartement,Ain Diab,27426.16
Appartement,Maarif,11111.11
Studio,Bourgogne,17808.22
Appartement,Beauséjour,10638.3
Appartement,Les Hôpitaux,10962.73
Villa,Ain Diab,19500.0
Appartement,Maarif,13725.49
Appartement,Maarif,13432.84
Villa,Ain Diab,16000.0
Appartement,Les Hôpitaux,18095.24
Appartement,Nassim 1,11328.12
Studio,Anfa,23260.87
Appartement,Bourgogne,185.71
Appartement,Oulfa,11904.76
Villa,Anfa,22085.89
Villa,Anfa,22439.02
Villa,Anfa,26736.84
Villa,Californie,8042.9
Appartement,Val Fleury,14644.81
Appartement,Les Hôpitaux,13905.33
Studio,Beauséjour,18595.04
Villa,Anfa,25380.71
Appartement,Gauthier,17857.14
Appartement,Aïn Sebaâ,12297.3
Villa,Sidi Maârouf,13153.15
Appartement,Sidi Maârouf,15789.47
Appartement,Aïn Chock,116.67
Appartement,Les Hôpitaux,15840.71
Appartement,Bourgogne,18617.02
Villa,Nassim 1,10714.29
Appartement,Sidi Maârouf,10000.0
Villa,Californie,16509.43
Appartement,Bourgogne,26136.36
Appartement,Val Fleury,14598.54
Appartement,Gauthier,18303.57
Appartement,Maarif,17676.77
Villa,Ain Diab,18939.39
Appartement,Nassim 1,12698.41
Résidence,Val Fleury,11986.3
Appartement,Val Fleury,17500.0
Appartement,Maarif,28846.15
Appartement,Roches Noires,11612.9
Appartement,Belvédère,11111.11
Villa,Californie,14967.26
Studio,Palmier,29148.94
Riad,Bourgogne,15481.48
Appartement,La Gironde,10133.33
Appartement,Bourgogne,11562.5
Appartement,Aïn Sebaâ,12477.53
Appartement,Les Hôpitaux,12658.23
Appartement,Val Fleury,17088.61
Appartement,Roches Noires,15882.35
Maison,Al Qods,19387.76
Villa,Nassim 2,17272.73
Studio,Les princesses,28723.4
Appartement,Aïn Chock,12333.33
Appartement,Ain Diab,25454.55
Appartement,Salmia,10606.06
Villa,Ain Diab,19704.43
Villa,Ain Diab,16000.0
Studio,Palmier,15909.09
Appartement,Val Fleury,17010.31
Appartement,Maarif,16428.57
Appartement,Les princesses,17948.72
Appartement,Maarif,14230.77
Appartement,Nassim 1,7887.32
Appartement,Palmier,12487.31
Appartement,Gauthier,18023.26
Villa,Hay Hassani,20000.0
Appartement,Gauthier,14864.86
Appartement,Gauthier,17291.67
Appartement,Mers Sultan,11137.44
Appartement,Gauthier,11259.4
Villa,Ain Diab,19340.66
Appartement,Belvédère,14636.36
Appartement,Mers Sultan,13669.72
Appartement,Diab Extension,27419.35
Appartement,Diab Extension,26881.72
Appartement,Maarif,16800.0
Appartement,Diab Extension,26171.88
Appartement,Beauséjour,12744.34
Appartement,Beauséjour,12000.0
Appartement,Ain Diab,28662.42
Villa,Californie,14967.26
Loft,Les princesses,15376.34
Studio,Roches Noires,395.0
Appartement,Finance City,200.0
Appartement,Oasis,18617.02
Appartement,Oasis,19617.35
Studio,Les Hôpitaux,18536.59
Appartement,Maarif,13000.0
Appartement,Ain Diab,10000.0
Appartement,Casablanca Marina,26966.29
Appartement,Gauthier,15540.54
Appartement,Al Qods,8589.74
Villa,Diab Extension,19642.86
Appartement,Gauthier,19722.22
Villa,Sidi Maârouf,14444.44
Appartement,Bourgogne,108.33
Appartement,Anfa,16483.52
Appartement,Aïn Sebaâ,121.95
Appartement,Gauthier,15217.39
Riad,Riad,7571.43
Appartement,Mers Sultan,10666.67
Appartement,Val Fleury,15243.9
Appartement,Gauthier,17959.18
Appartement,Anfa,12371.13
Appartement,Oulfa,7407.41
Appartement,Ain Diab,27093.6
Studio,Casablanca Marina,40833.33
Appartement,Dar Bouazza,19166.67
Appartement,Les princesses,14935.06
Appartement,Val Fleury,13366.34
Villa,Californie,13855.0
Appartement,Maarif,77.78
Appartement,Maarif,77.78
Appartement,Finance City,18274.11
Appartement,Maarif,66666.67
Duplex,Mers Sultan,10610.08
Studio,Les princesses,15822.78
Appartement,Palmier,15000.0
Villa,Californie,13181.82
Appartement,Maarif,25373.13
Appartement,Gauthier,20000.0
Appartement,Anfa,17500.0
Studio,Les Hôpitaux,24800.0
Studio,Californie,150.0
Appartement,Sidi Moumen,9444.44
Villa,Anfa,2205882.23
Duplex,Californie,12608.7
Appartement,Al Qods,9285.71
Appartement,Mers Sultan,11500.0
Appartement,Aïn Sebaâ,9887.01
Appartement,Finance City,31446.54
Studio,Palmier,25000.0
Appartement,Palmier,20652.17
Studio,Riviera,24782.61
Appartement,Mers Sultan,15384.62
Appartement,Les Hôpitaux,11467.89
Appartement,Bourgogne,12755.1
Appartement,Les princesses,15340.91
Appartement,Quartier Bachkou,13400.0
Appartement,Ain Diab,9145.95
Appartement,Ain Diab,27647.06
Appartement,Beauséjour,14583.33
Duplex,Nassim 2,7500.0
Maison,Maarif,189.87
Appartement,Sidi Moumen,5701.75
Villa,Laymoune,9523.81
Immeuble,Bourgogne,25319.15
Appartement,Derb Ghalef,12692.31
Appartement,Quartier Bachkou,16037.74
Appartement,Palmier,15625.0
Studio,Anfa,18421.05
Appartement,Les Hôpitaux,12941.18
Appartement,Maarif,23121.39
Appartement,Belvédère,10476.19
Studio,Gauthier,150.0
Villa,Oasis,15000.0
Appartement,Californie,20860.22
Appartement,Gauthier,15500.0
Studio,Maarif,21333.33
Appartement,Bourgogne,24400.0
Appartement,Anfa,9426.23
Villa,Anfa,37500.0
Appartement,Val Fleury,17916.67
Appartement,Bourgogne,18888.89
Appartement,Anfa,10000.0
Maison,Sidi Moumen,8070.18
Appartement,Hay Chrifa,111.28
Appartement,Maarif,387.76
Villa,Californie,10743.06
Appartement,Californie,19852.94
Appartement,La Gironde,6590.91
Appartement,Mers Sultan,14444.44
Appartement,Les Hôpitaux,14000.0
Appartement,Mers Sultan,12325.58
Villa,Californie,16777.78
Appartement,Oulfa,14823.53
Appartement,Finance City,23560.21
Villa,Ain Diab,29365.08
Appartement,Maarif,15125.0
Villa,Californie,12389.38
Villa,Anfa,16774.19
Villa,Oasis,12073.17
Appartement,Les Hôpitaux,12500.0
Appartement,Les princesses,15566.04
Loft,Centre Ville,10000.0
Studio,Les princesses,13297.87
Appartement,Palmier,14482.76
Appartement,Alsace Lorraine,12820.51
Appartement,Centre Ville,10928.96
Appartement,Gauthier,14795.92
Appartement,Gauthier,17289.72
Penthouse,Les Hôpitaux,9474.89
Appartement,Alsace Lorraine,9626.87
Appartement,Gauthier,17892.38
Villa,Californie,18775.51
Appartement,Bourgogne,19900.0
Appartement,Gauthier,13712.57
Appartement,Les Hôpitaux,12016.13
Villa,Ain Diab,23501.2
Appartement,Bourgogne,17934.78
Appartement,Ain Diab,26000.0
Studio,Bourgogne,30952.38
Villa,Californie,20030.82
Appartement,Les Hôpitaux,21238.94
Appartement,Quartier Bachkou,12380.95
Villa,Nassim 1,12187.5
Appartement,Maarif,23684.21
Villa,Anfa,20000.0
Appartement,Belvédère,155.56
Appartement,Maarif,17142.86
Villa,Californie,19444.44
Appartement,Maarif,16115.7
Appartement,Anfa,10887.1
Appartement,Les Hôpitaux,12500.0
Villa,Ain Diab,20000.0
Appartement,Finance City,30483.87
Appartement,Roches Noires,100.0
Appartement,Hay Hassani,10869.57
Villa,Sidi Maârouf,14000.0
Appartement,Les princesses,13983.05
Appartement,Finance City,36875.0
Appartement,Aïn Chock,13636.36
Appartement,Oulfa,9166.67
Appartement,Les Hôpitaux,14462.81
Appartement,Oulfa,12962.96
Bureau,Beauséjour,122.52
Villa,Hay Chrifa,2062500.0
Appartement,Val Fleury,79.35
Appartement,Gauthier,18085.11
Villa,Californie,70000.0
Appartement,Maarif,9333.33
Appartement,Les Hôpitaux,14529.91
Appartement,Mers Sultan,11538.46
Villa,Californie,20000.0
Appartement,Les Hôpitaux,23076.92
Appartement,Californie,113.01
Appartement,Palmier,16129.03
Villa,Diab Extension,15558.7
Appartement,Hay Chrifa,13883.18
Appartement,Palmier,19600.0
Appartement,Palmier,20175.44
Appartement,Riviera,21164.38
Appartement,Oasis,16607.14
Villa,Al Qods,28125.0
Studio,Californie,33333.33
Appartement,Oasis,26046.51
Appartement,Les princesses,18000.0
Duplex,Les Hôpitaux,15966.39
Maison,Oulfa,30252.1
Appartement,Nassim 2,10821.92
Studio,Maarif,148.15
Immeuble,Sidi Maârouf,8750.0
Appartement,Oasis,21230.77
Villa,Californie,21739.13
Appartement,Les Hôpitaux,12611.94
Villa,Ain Diab,22916.67
Villa,Sidi Maârouf,12337.66
Appartement,Riviera,17283.95
Appartement,Les princesses,13725.49
Appartement,Maarif,13181.82
Villa,Aïn Chock,18965.52
Appartement,Salmia,5801.47
Appartement,Aïn Sebaâ,12000.0
Appartement,Gauthier,18378.38
Appartement,Maarif,15474.14
Appartement,Hay Mohammadi,9500.0
Appartement,Palmier,15734.27
Appartement,Quartier Bachkou,11000.0
Villa,Sidi Maârouf,8666.67
Appartement,Maarif,14432.99
Appartement,Gauthier,21081.08
Studio,Finance City,184.21
Appartement,Oulfa,23333.33
Studio,Finance City,24927.54
Villa,Californie,20375.0
Appartement,Maarif,119.64
Appartement,Maarif,13461.54
Villa,Californie,16216.22
Appartement,Ain Diab,24630.54
Studio,Les Hôpitaux,20000.0
Appartement,Sidi Maârouf,178.57
Villa,Californie,17940.2
Appartement,Les princesses,23456.79
Immeuble,Derb Ghalef,16000.0
Studio,Roches Noires,15416.67
Appartement,Les Hôpitaux,13333.33
Résidence,Oulfa,9848.48
Villa,Hay Hassani,13333.33
Riad,Medina,20979.02
Appartement,Les Hôpitaux,12437.81
Villa,Anfa,31730.77
Appartement,La Gironde,14444.44
Appartement,Hay Chrifa,10697.67
Appartement,Belvédère,12244.9
Villa,Californie,15714.29
Appartement,Diab Extension,20740.74
Villa,Oasis,20000.0
Appartement,Les Hôpitaux,14583.33
Appartement,Les princesses,21111.11
Villa,Diab Extension,26341.46
Duplex,Les princesses,13586.96
Studio,Riviera,17648.65
Appartement,Sidi Moumen,7755.1
Studio,Gauthier,27118.64
Appartement,Anfa,18224.3
Appartement,Oulfa,10526.32
Appartement,Oulfa,9722.22
Villa,Diab Extension,19424.46
Appartement,Aïn Sebaâ,14750.0
Studio,Les princesses,25000.0
Studio,Oasis,25000.0
Villa,Diab Extension,23913.04
Studio,Bourgogne,23684.21
Studio,Anfa,21428.57
Villa,Californie,52005.94
Appartement,Aïn Sebaâ,11111.11
Appartement,Aïn Sebaâ,8666.67
Appartement,Diab Extension,21164.02
Villa,Diab Extension,21400.78
Studio,Oasis,22800.0
Studio,Les princesses,25000.0
Studio,Palmier,21428.57
Studio,Les princesses,28444.44
Studio,Les princesses,26428.57
Appartement,Hay Hassani,12545.67
Villa,Oasis,11000.0
Villa,Diab Extension,14527.85
Studio,Riviera,25555.56
Studio,Palmier,24400.0
Studio,Oasis,21800.0
Appartement,Beauséjour,10218.98
Studio,Oasis,22600.0
Appartement,Ain Diab,27093.6
Villa,Anfa,23500.0
Appartement,Aïn Sebaâ,13110.97
Duplex,Palmier,19230.77
Studio,Finance City,24035.09
Studio,Les princesses,22549.02
Studio,Les princesses,27234.04
Studio,Oasis,21538.46
Appartement,Hay Hassani,11200.89
Appartement,Sidi Moumen,8775.51
Studio,Belvédère,8904.11
Appartement,Belvédère,13076.92
Appartement,Anfa,19827.59
Studio,Palmier,22545.45
Villa,Ain Diab,25733.33
Maison,Gauthier,14102.56
Appartement,Maarif,15294.12
Appartement,Maarif,12037.04
Appartement,Val Fleury,15040.65
Studio,Palmier,26222.22
Villa,Sidi Maârouf,9565.22
Appartement,Hay Hassani,13063.61
Appartement,Palmiers,23684.21
Studio,Palmier,20634.92
Villa,Californie,12000.0
Appartement,Hay Hassani,12813.12
Appartement,Sidi Moumen,8035.71
Studio,Palmier,18769.23
Studio,Palmier,19791.67
Studio,Palmier,26938.78
Appartement,Californie,16964.29
Studio,Oasis,18307.69
Studio,Palmier,24107.14
Appartement,Californie,17078.95
Appartement,Maarif,20106.38
Duplex,Les princesses,15340.91
Studio,Palmier,25600.0
Studio,Les princesses,24655.17
Studio,Finance City,27058.82
Appartement,Val Fleury,16525.42
Villa,Anfa,26733.5
Appartement,Aïn Sebaâ,12901.43
Appartement,Aïn Sebaâ,10400.0
Appartement,Maarif,45370.37
Appartement,Les princesses,15000.0
Appartement,Finance City,24907.41
Appartement,Maarif,10743.8
Studio,Finance City,26382.98
Studio,Riviera,25777.78
Studio,Ain Diab,32758.62
Studio,Les princesses,29333.33
Studio,Palmier,25000.0
Studio,Gauthier,26470.59
Appartement,Californie,17050.0
Appartement,Maarif,22093.02
Villa,El Hank,22666.67
Studio,Maarif,24390.24
Appartement,Californie,20557.69
Appartement,Maarif,23684.21
Studio,Oasis,26041.67
Appartement,Maarif,27777.78
Studio,Aïn Sebaâ,12000.0
Studio,Les Hôpitaux,19285.71
Villa,Oulfa,13888.89
Studio,Derb Ghalef,11666.67
Villa,Oasis,26500.0
Appartement,Californie,17214.29
Appartement,Maarif,30483.87
Studio,Riviera,21589.74
Appartement,Californie,17214.29
Studio,Les princesses,21666.67
Appartement,Californie,16913.53
Appartement,Maarif,25000.0
Studio,Oasis,19642.86
Appartement,Californie,17072.92
Appartement,Maarif,23684.21
Villa,Californie,19117.65
Studio,Riviera,24358.97
Villa,Ain Diab,21000.0
Appartement,Bourgogne,16666.67
Appartement,Maarif,30483.9
Villa,Ain Diab,23529.41
Appartement,Sidi Maârouf,13444.88
Appartement,Californie,17078.95
Appartement,Oasis,18750.0
Studio,Palmier,22105.26
Studio,Oasis,22857.14
Studio,Bourgogne,23684.21
Studio,Oasis,24107.14
Appartement,Maarif,25000.0
Studio,Riviera,24056.6
Appartement,Sidi Maârouf,11555.87
Résidence,Palmier,14895.83
Duplex,Maarif,15200.0
Appartement,Maarif,24000.0
Villa,Oasis,32500.0
Appartement,Californie,17050.0
Studio,Maarif,24363.64
Duplex,Riviera,19375.0
Villa,Laymoune,12344.14
Appartement,Californie,14965.99
Appartement,Maarif,24545.45
Appartement,Sidi Maârouf,12202.02
Appartement,Californie,16777.78
Appartement,Californie,17441.86
Appartement,Beauséjour,12053.57
Villa,Diab Extension,19200.0
Studio,Maarif,22297.3
Appartement,Aïn Sebaâ,11500.0
Appartement,Sidi Maârouf,13444.88
Appartement,Alsace Lorraine,19767.44
Appartement,Gauthier,11278.2
Villa,Diab Extension,1444.44
Studio,Les princesses,27083.33
Appartement,Gauthier,16560.51
Appartement,Aïn Sebaâ,11500.0
Appartement,Sidi Maârouf,13514.78
Appartement,Californie,17272.73
Appartement,Les princesses,23625.0
Appartement,Sidi Maârouf,13534.81
Villa,Californie,19000.0
Appartement,Aïn Sebaâ,11270.16
Villa,Californie,18750.0
Appartement,Aïn Sebaâ,11000.0
Appartement,Val Fleury,17176.47
Appartement,Palmier,21014.49
Studio,Palmier,26086.96
Duplex,Palmier,24038.46
Appartement,Maarif,13461.54
Appartement,Finance City,124.42
Appartement,Aïn Sebaâ,9335.48
Appartement,Sidi Maârouf,13514.78
Appartement,Oulfa,12365.59
Studio,Les princesses,21666.67
Studio,Gauthier,30612.24
Appartement,Gauthier,18518.52
Appartement,Sidi Maârouf,12373.57
Appartement,Val Fleury,18470.59
Appartement,Hay Hassani,13214.12
Appartement,Val Fleury,18470.59
Appartement,Aïn Sebaâ,12294.44
Appartement,Aïn Sebaâ,10000.0
Villa,Anfa,15416.67
Appartement,Sidi Maârouf,10023.9
Appartement,Aïn Sebaâ,19047.62
Appartement,Aïn Sebaâ,9500.0
Appartement,Californie,15596.33
Villa,Californie,15333.33
Appartement,Belvédère,10000.0
Appartement,Maarif,25000.0
Appartement,Val Fleury,18705.88
Appartement,Sidi Maârouf,13439.51
Appartement,Val Fleury,18352.94
Villa,Californie,43750.0
Appartement,Les princesses,15037.59
Appartement,Maarif,20289.86
Appartement,Val Fleury,15151.52
Appartement,Sidi Maârouf,13537.43
Appartement,Aïn Sebaâ,14482.76
Villa,Ain Diab,23636.36
Appartement,Californie,16666.67
Duplex,Finance City,13970.59
Appartement,Val Fleury,19176.47
Appartement,Sidi Maârouf,12357.29
Studio,Californie,18852.46
Appartement,Diab Extension,18000.0
Appartement,Aïn Sebaâ,8500.0
Duplex,Ain Diab,16571.43
Studio,Finance City,24418.6
Loft,Les princesses,28571.43
Studio,Les princesses,32222.22
Appartement,Oasis,18023.26
Appartement,Californie,14230.77
Appartement,Casablanca Marina,30660.38
Villa,El Hank,16181.23
Appartement,Gauthier,14285.71
Appartement,Val Fleury,20277.78
Studio,Gauthier,35238.1
Appartement,Val Fleury,18588.24
Appartement,Californie,16587.5
Studio,Oasis,22368.42
Studio,Oasis,23947.83
Appartement,Oasis,19066.67
Appartement,Maarif,12837.84
Appartement,Les Hôpitaux,16000.0
Villa,Californie,15691.87
Villa,Ain Diab,19897.96
Appartement,Aïn Sebaâ,7868.98
Villa,Californie,14857.14
Appartement,Val Fleury,15862.07
Villa,Anfa,18428.57
Appartement,Oulfa,14423.08
Appartement,Oulfa,13333.33
Villa,Californie,28200.0
Villa,Ain Diab,23636.36
Villa,Anfa,54545.45
Appartement,Finance City,23600.0
Appartement,Finance City,25141.24
Appartement,Maarif,8967.39
Appartement,Gauthier,19133.57
Appartement,Diab Extension,21164.02
Appartement,Maarif,15824.18
Appartement,Palmier,16282.89
Appartement,Sidi Moumen,7627.12
Studio,Les Hôpitaux,16538.46
Studio,Maarif,23000.0
Appartement,Aïn Sebaâ,6424.42
Appartement,Aïn Sebaâ,9500.0
Appartement,Californie,16279.07
Villa,Ain Diab,43600.0
Maison,Oulfa,42857.14
Studio,Aïn Sebaâ,12127.66
Appartement,Casablanca Marina,33098.59
Appartement,Gauthier,15384.62
Appartement,Bourgogne,13000.0
Duplex,Les Hôpitaux,10204.92
Appartement,Beauséjour,6565.66
Appartement,El Fida,8620.69
Appartement,Les princesses,12121.21
Appartement,Ain Diab,26315.79
Appartement,Aïn Sebaâ,10158.73
Studio,Oasis,20689.66
Appartement,Oulfa,10416.67
Villa,Sidi Maârouf,10925.93
Appartement,Anfa,18478.26
Appartement,Maarif,14117.65
Appartement,Beauséjour,10298.51
Appartement,Bourgogne,13043.48
Appartement,Anfa,18750.0
Studio,Les Hôpitaux,420.0
Appartement,Casablanca Marina,30188.68
Studio,Oasis,27234.04
Appartement,Maarif,95.24
Duplex,Californie,9750.0
Villa,Anfa,25000.0
Appartement,Ain Diab,24186.05
Villa,Californie,21081.08
Villa,Oasis,15654.95
Villa,Californie,17625.0
Appartement,Val Fleury,18137.25
Villa,Californie,12400.0
Appartement,Finance City,30434.78
Appartement,Les Hôpitaux,16783.22
Appartement,Roches Noires,11666.67
Appartement,Finance City,125.0
Appartement,Californie,17368.93
Appartement,Roches Noires,11500.0
Appartement,Val Fleury,14285.71
Appartement,Les Hôpitaux,16666.67
Appartement,Finance City,136.36
Appartement,Sidi Moumen,6666.67
Appartement,Bourgogne,15343.92
Studio,Palmier,144.0
Studio,Bourgogne,31081.08
Villa,Californie,18151.82
Villa,Laymoune,9255.56
Appartement,Palmiers,13207.55
Villa,Californie,21176.47
Appartement,Aïn Sebaâ,4400.0
Appartement,Les princesses,15142.86
Appartement,Finance City,24705.88
Appartement,Belvédère,13207.55
Studio,Maarif,20535.71
Duplex,Ain Diab,12080.54
Appartement,Aïn Sebaâ,10677.97
Appartement,Maarif,17839.2
Appartement,Ain Diab,31531.53
Appartement,Maarif,13106.8
Appartement,Les Hôpitaux,11875.0
Villa,Gauthier,25684.93
Villa,Anfa,19354.84
Appartement,Gauthier,19512.2
Appartement,Maarif,15760.87
Appartement,Riviera,18305.08
Appartement,Maarif,16019.42
Appartement,Palmier,17200.0
Appartement,Riviera,14299.07
Appartement,Roches Noires,15882.35
Maison,Sidi Maârouf,63492.06
Appartement,Derb Ghalef,14062.5
Appartement,Val Fleury,14571.43
Villa,Diab Extension,24848.48
Appartement,Les Hôpitaux,12758.62
Studio,Bourgogne,29069.77
Appartement,Mers Sultan,13851.35
Appartement,Bourgogne,12847.22
Studio,Ain Diab,29012.35
Appartement,Californie,18750.0
Appartement,Belvédère,13265.31
Villa,Laymoune,17000.0
Villa,Californie,19771.86
Appartement,Belvédère,11386.14
Villa,Sidi Maârouf,14057.51
Villa,Sidi Maârouf,10000.0
Appartement,Hay Salam,6769.23
Appartement,Mers Sultan,11904.76
Appartement,Beauséjour,12307.69
Appartement,Belvédère,16272.73
Villa,Aïn Chock,10714.29
Appartement,Maarif,12352.94
Appartement,Sidi Maârouf,10493.83
Appartement,Sidi Maârouf,13243.24
Maison,Sidi Maârouf,9074.07
Appartement,Roches Noires,11333.33
Appartement,Californie,11881.19
Appartement,Sidi Maârouf,11507.94
Appartement,Maarif,11891.89
Appartement,Sidi Maârouf,13529.41
Appartement,Roches Noires,10617.28
Appartement,Sidi Maârouf,9693.88
Appartement,Roches Noires,10113.64
Appartement,La Gironde,12954.55
Villa,Aïn Sebaâ,13400.0
Appartement,Beauséjour,10476.19
Appartement,Sidi Maârouf,13378.38
Appartement,Belvédère,7857.14
Appartement,Belvédère,9917.36
Villa,Oasis,16000.0
Appartement,Sidi Maârouf,12170.54
Appartement,Californie,21268.66
Appartement,Californie,111.48
Villa,Sidi Maârouf,15714.29
Appartement,Maarif,19095.48
Appartement,Les princesses,19083.97
Appartement,Les Hôpitaux,14338.24
Appartement,Oulfa,9589.04
Appartement,Bourgogne,18617.02
Appartement,Maarif,63.03
Villa,Californie,28000.0
Appartement,Les Hôpitaux,16666.67
Appartement,Ain Diab,26923.08
Villa,Ain Diab,24038.46
Appartement,Hay Hassani,87719.3
Appartement,Palmier,10964.91
Appartement,Maarif,10588.24
Appartement,Gauthier,11235.96
Appartement,Laymoune,13372.09
Appartement,Gauthier,18695.65
Appartement,Ain Diab,101.19
Villa,Diab Extension,21705.43
Appartement,Les princesses,19375.0
Appartement,Maarif,13000.0
Maison,Ain Diab,57200.0
Appartement,Californie,14606.74
Studio,Californie,15842.59
Appartement,Californie,15129.31
Appartement,Oulfa,6428.57
Appartement,Al Qods,582.09
Appartement,Bourgogne,18584.07
Appartement,Aïn Sebaâ,11000.0
Appartement,Hay Hassani,9482.76
Appartement,Californie,15699.3
Appartement,Hay Mohammadi,10294.12
Appartement,Anfa,23111.11
Studio,Bourgogne,28529.41
Appartement,Gauthier,15942.03
Appartement,Al Qods,10000.0
Appartement,Aïn Sebaâ,10000.0
Studio,Bourgogne,27600.0
Studio,Oasis,29767.44
Appartement,Belvédère,6140.35
Appartement,Belvédère,11635.22
Villa,Sidi Maârouf,11111.11
Appartement,Aïn Chock,9482.76
Studio,Sidi Belyout,15849.06
Studio,Sidi Belyout,24444.44
Appartement,Oulfa,13380.28
Appartement,Les princesses,24782.61
Appartement,Bourgogne,13076.92
Appartement,Maarif,57.69
Villa,Laymoune,11889.6
Appartement,Maarif,15131.58
Duplex,Ain Diab,17142.86
Appartement,Casablanca Marina,32795.7
Studio,Maarif,30555.56
Appartement,Sidi Maârouf,12903.23
Appartement,Oulfa,11250.0
Duplex,Maarif,19467.46
Appartement,Mers Sultan,9814.32
Appartement,Aïn Sebaâ,9627.12
Duplex,Les princesses,11969.7
Villa,Californie,13333.33
Appartement,Maarif,14814.81
Appartement,Bourgogne,13445.38
Penthouse,Gauthier,14208.63
Appartement,Palmier,16428.57
Appartement,Maarif,109.4
Appartement,Maarif,11111.11
Appartement,Gauthier,20338.98
Appartement,Ain Diab,29629.63
Villa,Laymoune,18750.0
Villa,Laymoune,16857.14
Studio,Beauséjour,40625.0
Appartement,Californie,12937.06
Appartement,Oulfa,7547.17
Appartement,Californie,13257.58
Villa,Anfa,17689.91
Villa,Californie,12222.22
Villa,Californie,12362.64
Villa,Californie,14049.59
Appartement,Anfa,30797.1
Appartement,Les Hôpitaux,17346.94
Appartement,Gauthier,15000.0
Villa,Californie,11851.85
Villa,Californie,17146.36
Villa,Oasis,10588.24
Villa,Californie,21212.12
Villa,Californie,8087.2
Appartement,Maarif,62.91
Villa,El Hank,16129.03
Villa,Oasis,18495.68
Villa,Californie,16431.92
Studio,Oasis,21538.46
Villa,Anfa,18750.0
Villa,Anfa,19386.11
Villa,Anfa,15732.55
Villa,Anfa,22335.03
Villa,Californie,12745.1
Villa,Californie,14545.45
Villa,Anfa,23923.44
Villa,Californie,14814.81
Villa,Anfa,16616.31
Villa,Anfa,27500.0
Duplex,Les princesses,11521.74
Villa,Anfa,18750.0
Villa,Anfa,17560.98
Appartement,Maarif,15882.35
Villa,Oasis,19099.59
Villa,Californie,15000.0
Villa,Californie,13392.86
Appartement,Les princesses,18292.68
Villa,Ain Diab,32000.0
Appartement,Roches Noires,10266.67
Appartement,Ain Diab,21276.6
Appartement,Les Hôpitaux,11455.7
Villa,Californie,7590.13
Appartement,Alsace Lorraine,11184.21
Villa,Californie,19061.58
Villa,Anfa,20000.0
Appartement,Ain Diab,15720.52
Appartement,Maarif,9230.77
Appartement,Les princesses,26825.4
Appartement,Palmier,15966.39
Appartement,Les Hôpitaux,12704.92
Studio,Les princesses,28720.93
Appartement,Oasis,15654.95
Appartement,Roches Noires,11900.0
Appartement,Roches Noires,11021.02
Appartement,Roches Noires,11077.13
Studio,Maarif,22857.14
Studio,Maarif,23000.0
Studio,Maarif,22777.78
Immeuble,Oulfa,20312.5
Villa,Ain Diab,13333.33
Appartement,Roches Noires,12000.0
Appartement,Roches Noires,11900.0
Studio,Les Hôpitaux,27586.21
Appartement,Palmier,17789.47
Studio,Les Hôpitaux,26111.11
Studio,Les Hôpitaux,27027.03
Appartement,Maarif,23046.88
Studio,Les princesses,22413.79
Maison,Anfa,37000.0
Appartement,Oasis,178.22
Villa,El Hank,9066.67
Villa,Ain Diab,25000.0
Appartement,Ain Diab,27071.82
Appartement,Al Qods,8243.24
Villa,Californie,18118.47
Appartement,Oulfa,8627.45
Appartement,Diab Extension,26608.19
Appartement,Derb Ghalef,14864.86
Appartement,Sidi Maârouf,9829.06
Appartement,Casablanca Marina,22443.18
Appartement,Les princesses,19512.2
Appartement,Ain Diab,28846.15
Appartement,Aïn Sebaâ,10581.4
Appartement,Maarif,9102.56
Appartement,Bourgogne,10000.0
Studio,Palmier,29878.05
Appartement,Oasis,17553.19
Maison,Sidi Maârouf,33333.33
Appartement,Al Qods,1603.32
Studio,Anfa,17910.45
Appartement,Belvédère,6308.41
Villa,Californie,19787.64
Appartement,Maarif,17716.54
Appartement,Alsace Lorraine,10000.0
Appartement,Mers Sultan,12686.57
Villa,Anfa,27027.03
Appartement,Ain Diab,19520.55
Appartement,Ain Diab,34000.0
Appartement,Ain Diab,29289.94
Appartement,Gauthier,32031.25
Appartement,Finance City,29411.76
Appartement,Val Fleury,14598.54
Appartement,Les Hôpitaux,14772.73
Appartement,Aïn Sebaâ,11500.0
Villa,Oasis,22857.14
Penthouse,Ain Diab,77777.78
Appartement,Bourgogne,19017.86
Appartement,Val Fleury,15200.0
Appartement,Hay Salama,11111.11
Appartement,Bourgogne,13068.18
Appartement,Bourgogne,20555.56
Villa,Californie,18225.42
Riad,Sidi Moumen,6415.09
Appartement,Belvédère,11777.78
Villa,Laymoune,11644.83
Appartement,Maarif,9223.3
Appartement,Aïn Chock,12210.53
Appartement,Aïn Sebaâ,13281.25
Appartement,Les Hôpitaux,12649.57
Villa,Californie,17763.16
Villa,Californie,13658.94
Appartement,Gauthier,16334.66
Studio,Maarif,24468.09
Villa,Sidi Maârouf,11688.31
Appartement,Californie,15943.4
Appartement,Bourgogne,16666.67
Villa,Anfa,19093.08
Appartement,Aïn Sebaâ,7090.91
Appartement,Mers Sultan,15600.0
Appartement,Sidi Othmane,9122.81
Appartement,Oulfa,10000.0
Duplex,Ain Diab,16129.03
Immeuble,Les Hôpitaux,14534.88
Appartement,Al Qods,10000.0
Appartement,Les Hôpitaux,17272.73
Villa,Sidi Maârouf,13793.1
Appartement,Beauséjour,16000.0
Appartement,Palmier,17088.61
Appartement,Oulfa,7843.14
Appartement,Val Fleury,13739.84
Appartement,Bourgogne,16911.76
Appartement,Quartier Bachkou,17627.12
Appartement,Californie,16076.92
Appartement,Sidi Maârouf,11486.49
Appartement,Les Hôpitaux,13688.21
Appartement,Palmier,15909.09
Villa,Californie,17450.5
Appartement,Gauthier,22448.98
Appartement,Oulfa,14468.09
Appartement,Aïn Sebaâ,9539.47
Appartement,Oulfa,8928.57
Appartement,Riviera,24000.0
Appartement,Maarif,10897.44
Appartement,Les princesses,14728.68
Studio,Palmier,27000.0
Studio,Les princesses,29761.9
Studio,Bourgogne,30444.44
Studio,Anfa,28048.78
Studio,Les Hôpitaux,24897.96
Studio,Palmier,30750.0
Studio,Les princesses,25384.62
Immeuble,Belvédère,36480.69
Appartement,Palmier,96.77
Villa,Val Fleury,34000.0
Appartement,Finance City,22764.23
Studio,Finance City,26582.28
Studio,Val Fleury,15230.77
Villa,Maarif,10935.02
Villa,Al Qods,12323.94
Appartement,Maarif,11567.16
Appartement,Maarif,1649.48
Villa,Anfa,32010.24
Villa,Ain Diab,15927.98
Villa,Anfa,15505.62
Villa,Californie,5743.59
Villa,Californie,12865.5
Villa,El Hank,16666.67
Villa,Ain Diab,20270.27
Villa,Anfa,16949.15
Villa,Californie,10666.67
Loft,Val Fleury,14631.58
Appartement,Californie,17500.0
Villa,Anfa,18390.8
Villa,Anfa,18947.37
Villa,Anfa,17747.44
Villa,Anfa,14644.35
Villa,Anfa,16551.72
Villa,Anfa,16020.24
Villa,Californie,9359.61
Appartement,Hay Chrifa,9523.81
Appartement,Oasis,166.67
Villa,Laymoune,12096.77
Appartement,Val Fleury,12573.1
Maison,Aïn Sebaâ,9722.22
Studio,Derb Ghalef,15200.0
Villa,Sidi Maârouf,19600.0
Appartement,Gauthier,16600.79
Villa,Californie,17600.0
Villa,Anfa,24800.0
Appartement,Bourgogne,18300.65
Villa,Mers Sultan,18677.04
Maison,Oulfa,32653.06
Studio,Bourgogne,22388.06
Appartement,Californie,13274.34
Appartement,Sidi Maârouf,11000.0
Villa,Ain Diab,21951.22
Appartement,Californie,15306.12
Villa,Oulfa,12580.65
Appartement,Mers Sultan,13432.84
Appartement,Ain Diab,27647.06
Appartement,Anfa,28571.43
Maison,Derb Sultan,5866.67
Appartement,Aïn Sebaâ,9813.08
Villa,Californie,27755.91
Appartement,Ain Diab,17500.0
Villa,Ain Diab,15166.67
Studio,Bourgogne,23100.0
Villa,El Hank,27142.86
Appartement,Les Hôpitaux,8791.21
Villa,Californie,14285.71
Appartement,Val Fleury,11965.81
Appartement,Centre Ville,16666.67
Appartement,Oulfa,9175.26
Appartement,Sidi Maârouf,9195.4
Studio,Finance City,23116.88
Villa,Sidi Maârouf,8777.78
Appartement,Bourgogne,16791.04
Appartement,Bourgogne,19583.33
Duplex,Diab Extension,20744.68
Appartement,Casablanca Marina,35424.19
Appartement,Maarif,15000.0
Villa,Ain Diab,29720.28
Villa,Anfa,20047.85
Appartement,Californie,17338.71
Appartement,Val Fleury,12765.96
Appartement,Val Fleury,13333.33
Appartement,Oasis,21000.0
Appartement,Riviera,19685.04
Studio,Palmier,25624.49
Appartement,Oasis,15048.54
Appartement,Oasis,15277.78
Villa,Oasis,17981.65
Studio,Les princesses,37500.0
Appartement,Les princesses,27611.94
Appartement,Oasis,18367.35
Appartement,Maarif,11616.16
Appartement,Les Hôpitaux,26037.74
Studio,Les Hôpitaux,25000.0
Appartement,Maarif,11724.14
Appartement,Val Fleury,8656.72
Maison,Laymoune,15856.24
Appartement,Oasis,21000.0
Appartement,Maarif,14000.0
Appartement,Anfa,21341.46
Riad,Riad,7500.0
Studio,Oulfa,7804.88
Villa,Californie,35714.29
Appartement,Val Fleury,14014.08
Appartement,Gauthier,17796.61
Appartement,Centre Ville,16923.08
Appartement,Gauthier,15568.86
Duplex,Palmier,16764.71
Appartement,Bourgogne,11454.55
Appartement,Alsace Lorraine,12935.32
Appartement,Beauséjour,12938.14
Appartement,Sidi Belyout,10750.0
Appartement,Gauthier,13764.04
Appartement,Les Hôpitaux,19354.84
Appartement,Maarif,15963.86
Appartement,Mers Sultan,11009.17
Appartement,Gauthier,16129.03
Appartement,Gauthier,17193.68
Appartement,Californie,9343.07
Appartement,Palmier,16666.67
Appartement,Roches Noires,9689.92
Appartement,Bourgogne,16058.39
Appartement,Californie,16530.61
Appartement,Gauthier,16161.62
Appartement,Maarif,11184.21
Appartement,Les Hôpitaux,13500.0
Appartement,Ain Diab,29100.53
Appartement,Oulfa,10000.0
Duplex,Finance City,26315.79
Appartement,Finance City,20886.08
Appartement,Al Qods,8918.92
Appartement,Californie,15000.0
Appartement,Maarif,15588.24
Appartement,Anfa,15131.58
Appartement,Laymoune,15263.16
Appartement,Californie,12131.15
Appartement,Oasis,20652.17
Studio,Bourgogne,30000.0
Studio,Bourgogne,26595.74
Studio,Bourgogne,29750.0
Appartement,Riviera,15846.99
Appartement,Ain Diab,24122.81
Penthouse,Gauthier,12254.9
Appartement,Oulfa,7988.51
Appartement,Palmier,15873.02
Studio,Maarif,370.37
Appartement,Sidi Othmane,10779.22
Appartement,Roches Noires,10000.0
Villa,Californie,30850.0
Appartement,Finance City,22846.44
Appartement,Bourgogne,24000.0
Villa,El Hank,18333.33
Appartement,Les Hôpitaux,16058.39
Appartement,Val Fleury,12288.14
Appartement,Sidi Othmane,6111.11
Appartement,Maarif,17514.12
Appartement,Val Fleury,15811.97
Appartement,Hay Mohammadi,6416.67
Villa,Ain Diab,28662.42
Studio,Maarif,13818.18
Appartement,Sidi Moumen,5675.68
Appartement,Les Hôpitaux,15231.79
Appartement,Hay Mohammadi,6333.33
Appartement,Al Qods,8055.56
Villa,Laymoune,13882.35
Villa,Laymoune,13302.03
Appartement,Bir Anzarane,11811.02
Appartement,Gauthier,16521.74
Appartement,Beauséjour,14583.33
Appartement,Maarif,13983.05
Villa,Californie,29800.0
Appartement,Oasis,21976.74
Maison,Oulfa,9523.81
Studio,Bourgogne,31777.78
Appartement,Bourgogne,16125.0
Appartement,Les Hôpitaux,13225.81
Appartement,Gauthier,17127.07
Villa,El Hank,25000.0
Appartement,Sidi Moumen,8333.33
Appartement,Sidi Maârouf,5000.0
Maison,Al Qods,20138.89
Appartement,Sidi Maârouf,12162.16
Appartement,Bourgogne,100000.0
Villa,Laymoune,15957.45
Studio,Bourgogne,20000.0
Villa,Ain Diab,29929.58
Appartement,Val Fleury,16025.64
Appartement,Al Qods,6400.0
Studio,Finance City,30769.23
Studio,Oasis,26341.46
Villa,Ain Diab,17200.0
Appartement,Mers Sultan,12000.0
Appartement,Ain Diab,13868.61
Studio,Maarif,222222.22
Duplex,Hay Mohammadi,9285.71
Appartement,Palmier,16101.69
Appartement,Palmier,19047.62
Appartement,Bourgogne,30208.33
Studio,Gauthier,27272.73
Appartement,Aïn Chock,8305.08
Studio,Palmier,145.83
Appartement,Sidi Maârouf,11666.67
Appartement,Oulfa,7166.67
Appartement,Maarif,15294.12
Studio,Les Hôpitaux,26354.17
Studio,Les Hôpitaux,26037.74
Duplex,Les Hôpitaux,9961.69
Villa,Diab Extension,18000.0
Appartement,Mers Sultan,15168.54
Appartement,Palmier,23750.0
Appartement,Sidi Moumen,6800.0
Maison,Sidi Maârouf,19642.86
Appartement,Maarif,9944.75
Villa,Bourgogne,13826.09
Appartement,Palmier,16000.0
Appartement,Maarif,13194.44
Studio,Beauséjour,22500.0
Appartement,Bourgogne,3896103.9
Appartement,Maarif,9663.87
Appartement,Bourgogne,13283.58
Appartement,Californie,16942.15
Riad,Riad,10222.22
Maison,Hay Hassani,19444.44
Appartement,Maarif,60.0
Appartement,Diab Extension,25500.0
Appartement,Aïn Sebaâ,11538.46
Appartement,Californie,15853.66
