category,osm_id,osm_type,name,subtype,lat,lon,address,city,phone,website
culte_culture,2052341017,node,Église orthodoxe russe de la Dormition,place_of_worship,33.5820157,-7.6226346,Rue Blida,Casablanca,,https://orthodox.ma/
culte_culture,2052347007,node,Greek Orthodox Church,place_of_worship,33.582,-7.6134936,Rue Hatim El Assam,Casablanca ⵜⴰⴷⴷⴰⵔⵜ ⵜⵓⵎⵍⵉⵍⵜ الدار البيضاء,+212 661 087 582,https://orthodox.ma/
culte_culture,2186551374,node,Jamaa Lakdim الجامع القديم,place_of_worship,33.5531194,-7.5998034,,,,
culte_culture,2378015034,node,mosquée al ahali,place_of_worship,33.5156769,-7.6539831,,,,
culte_culture,2378015035,node,Mosquée attawba,place_of_worship,33.5103663,-7.648337,,,,
culte_culture,2507761145,node,Église du Christ-Roi,place_of_worship,33.5813507,-7.6247816,,,,
culte_culture,2711741029,node,Mosquée Al Hassanin,place_of_worship,33.5789545,-7.6376429,Rue de Nabouls,,,
culte_culture,2916737111,node,Mosquée Bir Anzarane,place_of_worship,33.5810377,-7.6378356,,,,
culte_culture,3954507772,node,مسجد سيدي مسعود,place_of_worship,33.5157388,-7.6281742,,,,
culte_culture,4193615513,node,Mosquée d'Afghanistan مسجد أفغانستان,place_of_worship,33.5730997,-7.6734802,,,,
culte_culture,4424973392,node,Mosquée Omar ibn Al-Khattab مسجد عمر بن الخطاب,place_of_worship,33.5685563,-7.5532314,حي السدري مجموعة 2,,,
culte_culture,4532801295,node,مسجد النور,place_of_worship,33.569161,-7.6473781,,,,
culte_culture,4547898091,node,مسجد الشهداء,place_of_worship,33.5741002,-7.5727044,,,,
culte_culture,4579570989,node,Mosquée al qods مسجد القدس,place_of_worship,33.6105993,-7.4970337,,,,
culte_culture,4588766610,node,Mosquée Abu Bakr مسجد أبو بكر,place_of_worship,33.5393969,-7.5832094,Bd d'Amgala,,,
culte_culture,4661852247,node,Mosquée Derb El Houria مسجد درب الحرية,place_of_worship,33.5765232,-7.673669,,,,
culte_culture,4702443154,node,Masjid al-Forkan,place_of_worship,33.5949322,-7.5586614,,,,
culte_culture,5079520278,node,Mosquée de Lissasfa,place_of_worship,33.5346445,-7.6697705,,,,
culte_culture,5082019759,node,,place_of_worship,33.5347793,-7.7229302,,,,
culte_culture,5084035651,node,Synagogue Em Habbanim,place_of_worship,33.5949165,-7.6257939,,,,
culte_culture,5084035652,node,Synagogue Orah Haim,place_of_worship,33.5946394,-7.6259897,,,,
culte_culture,5084035653,node,Synagogue Benaroch,place_of_worship,33.5943724,-7.6262016,,,,
culte_culture,5388489281,node,,place_of_worship,33.5548872,-7.7007827,,,,
culte_culture,5467140343,node,Mosqué IDRIS,place_of_worship,33.5568133,-7.6900651,,,,
culte_culture,5476241921,node,museum & Billet,museum,33.6055002,-7.6304794,,,,
culte_culture,5676756464,node,مسجد ديار السلام,place_of_worship,33.5696118,-7.563625,,,,
culte_culture,6429149185,node,,place_of_worship,33.5929289,-7.6055841,,,,
culte_culture,6782582288,node,مسجد الكرم,place_of_worship,33.5978048,-7.5105339,,,,
culte_culture,6791443385,node,مسجد الفردوس,place_of_worship,33.6023612,-7.5105055,,,,
culte_culture,7168679399,node,,place_of_worship,33.613618,-7.4995321,,,,
culte_culture,7168679400,node,,place_of_worship,33.6128652,-7.5014043,,,,
culte_culture,7168679412,node,,place_of_worship,33.6102562,-7.5012434,,,,
culte_culture,7168801044,node,siyed el bernoussi,monument,33.6163207,-7.498655,,,,
culte_culture,7168801066,node,,place_of_worship,33.6132785,-7.4929902,,,,
culte_culture,7168852336,node,,place_of_worship,33.6073908,-7.5024724,,,,
culte_culture,7282188285,node,Musée de la Fondation Abderrahman slaoui,museum,33.5924023,-7.6226155,,,,
culte_culture,8756483701,node,Mosquée Universitaire,place_of_worship,33.5438638,-7.6596763,Route Ancienne,Casablanca,,
culte_culture,9613551609,node,Marabout Sidi Mohamed Mers Sultan,place_of_worship,33.5814474,-7.6224934,,,,
culte_culture,9621212190,node,Mosquée Lahlou,place_of_worship,33.5798282,-7.6235732,,,,
culte_culture,11216925204,node,متحف الطيران,museum,33.5606308,-7.6658249,,,,
culte_culture,11228764508,node,مسجد درب السبليون,place_of_worship,33.5751801,-7.599545,,,,
culte_culture,11228778836,node,الزاوية الكركرية,place_of_worship,33.5825958,-7.5806189,,,,
culte_culture,11228792063,node,مسجد عبد الرحمن,place_of_worship,33.568161,-7.5789342,,,,
culte_culture,11228805184,node,مسجد باب الرحمان,place_of_worship,33.5646477,-7.6247458,,,,
culte_culture,11228805549,node,مسجد المدينة,place_of_worship,33.5870323,-7.6165581,,,,
culte_culture,11432838519,node,مسجد بدر,place_of_worship,33.5706749,-7.4705458,,,,
culte_culture,11526079937,node,مسجد حديقة العنترية,place_of_worship,33.5865364,-7.5448108,,,,
culte_culture,11891557531,node,Attarik Foundation,museum,33.6064993,-7.6197781,,,,
culte_culture,12794329332,node,Beth Habad,place_of_worship,33.5922957,-7.6380795,Rue La Fontaine زنقة لافونتين,,,
culte_culture,12927918805,node,Musée du Judaïsme marocain متحف التراث اليهودي المغربي,museum,33.5522554,-7.6389843,Rue du Chasseur Jules Gros,,+212 5 22 99 49 40,https://www.jewishmuseumcasa.com/
culte_culture,13006093539,node,Mosquée Tarik,place_of_worship,33.6081356,-7.5143374,,Casablanca ⵜⴰⴷⴷⴰⵔⵜ ⵜⵓⵎⵍⵉⵍⵜ الدار البيضاء,,
culte_culture,13365630026,node,Église Notre Dame de Lourdes كاتدرائية سيدة لورد,place_of_worship,33.5827016,-7.6157442,Boulevard Mohamed Zerktouni,,,
culte_culture,13618036101,node,مسجد فاطمة الفهرية,place_of_worship,33.5430789,-7.730588,,,,
culte_culture,13787498902,node,مسجد عثمان بن عفان-سافيلات,place_of_worship,33.630784,-7.496296,,,,
culte_culture,105623040,way,مسجد المنار,place_of_worship,33.6047707,-7.651969,,,,
culte_culture,222803836,way,Mosquée essouna,place_of_worship,33.5616112,-7.6095701,Avenue 2 Mars شارع 2 مارس,Casablanca ⵜⴰⴷⴷⴰⵔⵜ ⵜⵓⵎⵍⵉⵍⵜ الدار البيضاء,,
culte_culture,231271840,way,Mosquée Tunis,place_of_worship,33.5146605,-7.6539586,,,,
culte_culture,243785430,way,Mosquée Ali Ibn Abi Talib,place_of_worship,33.561788,-7.5612351,,,,
culte_culture,243914291,way,Masjid Arrahmane,place_of_worship,33.5614968,-7.5563356,,,,
culte_culture,250410050,way,,place_of_worship,33.5204771,-7.6442434,,,,
culte_culture,262518180,way,,place_of_worship,33.543787,-7.5655877,Rue 6,,,
culte_culture,298770978,way,,place_of_worship,33.6023516,-7.5105087,,,,
culte_culture,307922875,way,Mosquée Al Fath,place_of_worship,33.5745832,-7.5169235,,,,
culte_culture,332031282,way,,place_of_worship,33.5277208,-7.646066,,,,
culte_culture,335376024,way,,place_of_worship,33.5355353,-7.5843176,,,,
culte_culture,335377962,way,مسجد عكاشة,place_of_worship,33.5600008,-7.5803573,,,,
culte_culture,338746118,way,Mosquee Ad Doha,place_of_worship,33.5703435,-7.6364951,Boulevard Stendhal,,,
culte_culture,391660180,way,Mosqué al saoud 1,place_of_worship,33.4535331,-7.6506272,,,,
culte_culture,391660197,way,,place_of_worship,33.4679438,-7.6565461,,,,
culte_culture,403382636,way,mosquée Pakistan,place_of_worship,33.5597961,-7.5709719,,,,
culte_culture,414882737,way,Mosquée Ashokr مسجد الشكر,place_of_worship,33.5768689,-7.6508199,Rue Abou Hassan Assaghir,,,
culte_culture,415629478,way,,place_of_worship,33.5308953,-7.6101075,,,,
culte_culture,415629483,way,,place_of_worship,33.5330839,-7.6083237,,,,
culte_culture,416247587,way,Complexe Touria Sekkat,place_of_worship,33.5709334,-7.6378248,Rue Madame de Sévigné,Casablanca ⵜⴰⴷⴷⴰⵔⵜ ⵜⵓⵎⵍⵉⵍⵜ الدار البيضاء,,
culte_culture,416583631,way,Mosquée Al Andalous مسجد الأندلس,place_of_worship,33.5853757,-7.6348762,Rue Ahmed El Joumari زنقة أحمد الجوماري,,,
culte_culture,417421804,way,Mosquée Al Hoda,place_of_worship,33.5697091,-7.6111496,Boulevard Lamartine,,,
culte_culture,417722837,way,,place_of_worship,33.5715847,-7.6155396,,,,
culte_culture,417863861,way,Masjid Dar al-Aman مسجد دار الامان,place_of_worship,33.5914045,-7.5554235,,,,
culte_culture,417891307,way,,place_of_worship,33.5681935,-7.6630909,,,,
culte_culture,417980046,way,مسجد حي الرجاء,place_of_worship,33.566061,-7.6170687,Rue Raghab,,,
culte_culture,419332589,way,Eglise Evangélique Au Maroc (CIPC),place_of_worship,33.5954276,-7.6055812,,,,
culte_culture,419332738,way,Mosquée Mohamed VI مسجد محمد السادس,place_of_worship,33.5858315,-7.609156,Rue Jordanie,,,
culte_culture,419353172,way,,place_of_worship,33.5724792,-7.6007375,,,,
culte_culture,419561144,way,,place_of_worship,33.5601007,-7.63489,Rue de Tabors,,,
culte_culture,419591800,way,Mosquée Al Bathae,place_of_worship,33.5666456,-7.6436981,Route Al Jamiaa,,,
culte_culture,419755499,way,Eglise Carmel saint Joseph,place_of_worship,33.5578926,-7.6371486,,,,
culte_culture,419806431,way,Notre Dame de Guadalupe سيدة غوادالوبي,place_of_worship,33.576869,-7.6578441,,,,
culte_culture,419994103,way,,place_of_worship,33.546015,-7.6328503,Boulevard Panoramique,,,
culte_culture,419994188,way,,place_of_worship,33.5420907,-7.6341477,,,,
culte_culture,420082531,way,,place_of_worship,33.5442147,-7.6237597,Rue 10,,,
culte_culture,420136363,way,,place_of_worship,33.559169,-7.6148072,Rue de l'Ardèche,,,
culte_culture,420308920,way,,place_of_worship,33.5898734,-7.5798108,,,,
culte_culture,420358042,way,مسجد بسم الله,place_of_worship,33.5735972,-7.5808986,,,,
culte_culture,420362332,way,,place_of_worship,33.5686124,-7.5855939,,,,
culte_culture,420390165,way,,place_of_worship,33.5542718,-7.581046,,,,
culte_culture,420406847,way,مسجد التوفيق,place_of_worship,33.5644453,-7.5347304,,,,
culte_culture,420411962,way,مسجد مولاي رشيد,place_of_worship,33.5700332,-7.5281554,,,,
culte_culture,420613066,way,Temple Beth El معبد بيت إيل,place_of_worship,33.5957607,-7.6268333,,,,
culte_culture,420625869,way,,place_of_worship,33.563832,-7.5897082,,,,
culte_culture,420628041,way,مسجد الأربعين,place_of_worship,33.5709991,-7.5885165,Rue 55,,,
culte_culture,420651760,way,مسجد مقداد الحريزي,place_of_worship,33.5364437,-7.5721841,,,,
culte_culture,421340724,way,مسجد الخير,place_of_worship,33.5521528,-7.593407,,,,
culte_culture,421340732,way,مسجد الفتح,place_of_worship,33.5505016,-7.5897736,,,,
culte_culture,421345994,way,مسجد السلام,place_of_worship,33.5660458,-7.5598506,,,,
culte_culture,421346004,way,مسجد القدس,place_of_worship,33.5402156,-7.5763901,,,,
culte_culture,425095787,way,مسجد طارق,place_of_worship,33.6079086,-7.514164,,,,
culte_culture,444127959,way,مسجد سلسبيل,place_of_worship,33.59914,-7.567061,,,,
culte_culture,455542419,way,Masjid Al Doha,place_of_worship,33.5988749,-7.5222007,,,,
culte_culture,456649932,way,Masjid ar- Rahma مسجد الرحمة,place_of_worship,33.5927694,-7.5147575,,,,
culte_culture,456650251,way,Masjid Al Ikhlas,place_of_worship,33.5831174,-7.5227356,,,,
culte_culture,456650440,way,Masjid Asaada,place_of_worship,33.5851098,-7.5205827,,,,
culte_culture,456651700,way,Mosquée Badr,place_of_worship,33.5971565,-7.5327814,,,,
culte_culture,456652816,way,Masjid as-Salam,place_of_worship,33.599946,-7.5369338,,,,
culte_culture,456653725,way,Masjid Marché Tariq,place_of_worship,33.6100129,-7.5152197,,,,
culte_culture,456665244,way,,place_of_worship,33.6152911,-7.4593332,,,,
culte_culture,456666304,way,Mosquée El Khalil,place_of_worship,33.6177583,-7.4859622,,,,
culte_culture,456666726,way,Mosquée Lalla Fatima Zahra مسجد لالة فاطمة الزهراء,place_of_worship,33.6159023,-7.4921549,,,,
culte_culture,456666791,way,Masjid Abu Bakr Siddiq مسجد أبي بكر الصديق,place_of_worship,33.6175002,-7.4972266,,,,
culte_culture,456666920,way,Mosquée Al Imane,place_of_worship,33.6215162,-7.4788381,,,,
culte_culture,467008596,way,مسجد عثمان بن عفان,place_of_worship,33.5566187,-7.5705917,,,,
culte_culture,476377564,way,,place_of_worship,33.6202953,-7.5233377,,,,
culte_culture,476377717,way,Masjid as-Safa مسجد الصفا,place_of_worship,33.6171803,-7.5321888,,,,
culte_culture,476378977,way,,place_of_worship,33.6187683,-7.5458937,,,,
culte_culture,476379606,way,Masjid Douar Hssibou,place_of_worship,33.6153104,-7.544607,,,,
culte_culture,476381338,way,Masjid al-Wahda مسجد الوحدة,place_of_worship,33.6094732,-7.5460304,,,,
culte_culture,476381620,way,,place_of_worship,33.6135949,-7.5462905,,,,
culte_culture,476382054,way,,place_of_worship,33.609576,-7.5418092,,,,
culte_culture,476384729,way,Masjid al-Fasi,place_of_worship,33.6048324,-7.5412706,,,,
culte_culture,476389821,way,مسجد دوار الرحامنة,place_of_worship,33.5860847,-7.5207708,,,,
culte_culture,476390432,way,مسجد كريان الرحامنة,place_of_worship,33.5878906,-7.5182958,,,,
culte_culture,476391052,way,مسجد جوهرة,place_of_worship,33.5925249,-7.5187515,,,,
culte_culture,476391569,way,مسجد الياسين,place_of_worship,33.5977951,-7.5117757,,,,
culte_culture,476398641,way,مسجد النهضة أناسي,place_of_worship,33.5909621,-7.5025366,,,,
culte_culture,476398852,way,Masjid Alliance Darna,place_of_worship,33.5822633,-7.5013441,,,,
culte_culture,476399223,way,Masjid al-Andalous,place_of_worship,33.5878636,-7.4980322,,,,
culte_culture,476399423,way,Masjid Allal al- Fassi,place_of_worship,33.5924809,-7.4956062,,,,
culte_culture,476401218,way,مسجد أنس بن مالك,place_of_worship,33.603918,-7.5232742,,,,
culte_culture,476401377,way,Masjid Dari's,place_of_worship,33.6078619,-7.5218249,,,,
culte_culture,476401929,way,Masjid Jazair,place_of_worship,33.6064607,-7.5073036,,,,
culte_culture,476402824,way,Masjid ar-Rahmane,place_of_worship,33.6070153,-7.4998664,,,,
culte_culture,476403439,way,Masjid Jamaat al-Mohsinine مسجد جماعة المحسنين,place_of_worship,33.6127301,-7.5056629,,,,
culte_culture,476403513,way,Masjid Morabitine,place_of_worship,33.6101,-7.5054044,,,,
culte_culture,476406586,way,مسجد الحسين السوسي,place_of_worship,33.5831886,-7.5305618,,,,
culte_culture,476407385,way,Masjid al-Mouahidine,place_of_worship,33.5883918,-7.5493416,,,,
culte_culture,476758190,way,مسجد باب السلام,place_of_worship,33.5959068,-7.6074262,,,,
culte_culture,476758884,way,Masjid al-Haramain,place_of_worship,33.5935326,-7.5635572,,,,
culte_culture,476763861,way,Masjid al-'Arabiyya as-S'audi مسجد العربية السعودية,place_of_worship,33.5865734,-7.5657828,,الدار البيضاء,,
culte_culture,477137812,way,Mosquée Al Mohammadi,place_of_worship,33.5763183,-7.6059938,,,,
culte_culture,477138355,way,Mosquée Moulay Youssef,place_of_worship,33.5781638,-7.6044508,,,,
culte_culture,483107160,way,,place_of_worship,33.5708006,-7.5927254,Rue 33,,,
culte_culture,483125041,way,مسجد الفلاح,place_of_worship,33.5715597,-7.5574847,,,,
culte_culture,483129759,way,مسجد الإمام سحنون,place_of_worship,33.5468952,-7.5653499,,,,
culte_culture,483249437,way,مسجد الحسن,place_of_worship,33.5436675,-7.5793592,,,,
culte_culture,483249456,way,Mosquée Hosna,place_of_worship,33.5435864,-7.5827596,Boulevard Mohammed VI,,,
culte_culture,483556442,way,Mosquée Arafat,place_of_worship,33.5472273,-7.6118385,,,,
culte_culture,483558753,way,,place_of_worship,33.5650069,-7.5972222,,,,
culte_culture,483724608,way,مسجد الرضوان أناسي,place_of_worship,33.5871807,-7.4898932,,,,
culte_culture,483969485,way,,place_of_worship,33.5411503,-7.5721738,,,,
culte_culture,509477275,way,Mosquée Abir,place_of_worship,33.5820643,-7.5375613,,,,
culte_culture,515205985,way,Mosquée Ferrara,place_of_worship,33.5547724,-7.685738,Boulevard Oued Oum Rbia,,,
culte_culture,515587630,way,Mosquée Tissir Salam,place_of_worship,33.5862968,-7.4813013,,,,
culte_culture,515871425,way,مسجد عقبة بن نافع 2,place_of_worship,33.5751027,-7.5394926,,,,
culte_culture,518136281,way,,place_of_worship,33.5579342,-7.6950201,,,,
culte_culture,521554037,way,مسجد أبو العباس السبتي,place_of_worship,33.5564891,-7.5353957,,,,
culte_culture,539187765,way,Al-Andaloussia,place_of_worship,33.56915,-7.6338248,,,,
culte_culture,547646394,way,Mosquée Al Qods,place_of_worship,33.5747045,-7.528353,,,,
culte_culture,555868054,way,Mosquée Omar El Qzabri,place_of_worship,33.5249807,-7.6587695,,,,
culte_culture,559095694,way,,place_of_worship,33.6008791,-7.4851267,,,,
culte_culture,559098079,way,مسجد الإمام مالك,place_of_worship,33.5987942,-7.4871179,,,,
culte_culture,560050978,way,Mosqué ALQODS,place_of_worship,33.5991228,-7.5838138,,,,
culte_culture,562450549,way,Mosquée Lalla Aicha مسجد لالة عائشة,place_of_worship,33.5573957,-7.5893217,,,,
culte_culture,575232475,way,Mosquée de Saquia el-Hamra,place_of_worship,33.5449048,-7.5711533,,,,
culte_culture,579701080,way,Mosquée Al Ansar,place_of_worship,33.5286658,-7.5266241,,,,
culte_culture,585230998,way,,place_of_worship,33.5745177,-7.5936164,Rue 34,,,
culte_culture,585510463,way,,place_of_worship,33.553676,-7.5514608,Rue 91,,,
culte_culture,586686679,way,,place_of_worship,33.5481665,-7.5818348,Rue 24,,,
culte_culture,586686714,way,مسجد علي,place_of_worship,33.54632,-7.5740699,جميلة 5,الدار البيضاء,,
culte_culture,586734357,way,مسجد فلسطين,place_of_worship,33.5488701,-7.5737986,,,,
culte_culture,586734369,way,,place_of_worship,33.549632,-7.568865,Rue 10,,,
culte_culture,586734399,way,,place_of_worship,33.5482685,-7.5776544,Rue du Martyr Ben Said Saleh,,,
culte_culture,587000939,way,مسجد الفتح,place_of_worship,33.5505015,-7.5897505,Boulevard Mohammed VI,,,
culte_culture,587041166,way,,place_of_worship,33.5561948,-7.5746963,Rue 27,,,
culte_culture,587066362,way,مسجد الإخلاص,place_of_worship,33.5542611,-7.5810384,Rue 52,,,
culte_culture,587321864,way,Masjid al-Amane,place_of_worship,33.5932129,-7.5374949,Route des Chaux et Ciments,,,
culte_culture,588233138,way,,place_of_worship,33.557609,-7.680262,Boulevard d'Oued Oum Rabia,,,
culte_culture,588233174,way,مسجد الرضوان,place_of_worship,33.5623756,-7.6468579,,,,
culte_culture,588429141,way,,place_of_worship,33.5838722,-7.5297496,Boulevard Al Houcine Assoussi,,,
culte_culture,588429170,way,,place_of_worship,33.5767719,-7.5246107,Avenue Mbarek el-Gharass,,,
culte_culture,588429178,way,,place_of_worship,33.5779209,-7.5340255,Rue Al Fadila,,,
culte_culture,588460867,way,,place_of_worship,33.55477,-7.4777826,Boulevard Okba Bnou Nafie,,,
culte_culture,588460902,way,مسجد عقبة بن نافع,place_of_worship,33.5719722,-7.5271763,,,,
culte_culture,588786895,way,مسجد التوحيد,place_of_worship,33.5485811,-7.4878776,,,,
culte_culture,588786905,way,,place_of_worship,33.5459731,-7.4883563,Boulevard Aladarissa,,,
culte_culture,588802053,way,mosque AIT MZAL,place_of_worship,33.5542018,-7.4818216,Rue Abderrahmane Ibn Khaldoune,,,
culte_culture,589046979,way,مسجد الفضل,place_of_worship,33.5553511,-7.5150553,,,,
culte_culture,589080597,way,Mosquée Salmia 2 مسجد السالمية 2,place_of_worship,33.5381509,-7.5548511,Boulevard du Golan,,,
culte_culture,589321812,way,مسجد الإمام مالك,place_of_worship,33.5699556,-7.5395066,,,,
culte_culture,589978385,way,مسجد السعود,place_of_worship,33.5642071,-7.5733661,Rue 46,,,
culte_culture,590273145,way,مسجد أولاد زيان,place_of_worship,33.578484,-7.5845405,Rue 1,,,
culte_culture,590372278,way,,place_of_worship,33.5562728,-7.6694218,,,,
culte_culture,590579805,way,,place_of_worship,33.5595268,-7.6284231,,,,
culte_culture,590865535,way,,place_of_worship,33.5236212,-7.6308824,Boulevard de La Mecque,,,
culte_culture,591087289,way,,place_of_worship,33.6355687,-7.4553006,,,,
culte_culture,591682205,way,PAM,place_of_worship,33.5088522,-7.6583741,,,,
culte_culture,591908456,way,,place_of_worship,33.6050611,-7.4844529,,,,
culte_culture,592150910,way,,place_of_worship,33.5481804,-7.6386295,Route de l'Oasis,,,
culte_culture,592469113,way,,place_of_worship,33.5675994,-7.608282,Rue 4,,,
culte_culture,592488872,way,,place_of_worship,33.5709703,-7.6067485,Rue 46,,,
culte_culture,592820980,way,,place_of_worship,33.5654854,-7.6053487,,,,
culte_culture,593914777,way,,place_of_worship,33.5568374,-7.6866142,Boulevard Oued Sebou,,,
culte_culture,593932492,way,,place_of_worship,33.5614652,-7.679503,Zanqat 213,,,
culte_culture,593943915,way,,place_of_worship,33.5653083,-7.6775253,Boulevard de l'Oued Bouregreg,,,
culte_culture,594329141,way,,place_of_worship,33.5618124,-7.6715757,,,,
culte_culture,594329228,way,,place_of_worship,33.5655036,-7.6733718,Zanqat 6,,,
culte_culture,594367532,way,,place_of_worship,33.5681527,-7.675357,شارع ابن سينا,,,
culte_culture,594748204,way,,place_of_worship,33.5700085,-7.6832425,Rue Sidi Al Khadir,,,
culte_culture,594748216,way,,place_of_worship,33.565843,-7.696771,Rue 32,,,
culte_culture,595201834,way,,place_of_worship,33.5521372,-7.6778437,Zanqat 175,,,
culte_culture,595208530,way,,place_of_worship,33.5575417,-7.675051,Zanqat 102,,,
culte_culture,595637159,way,,place_of_worship,33.5522208,-7.6866916,Boulevard Oued Tensift,,,
culte_culture,596653158,way,,place_of_worship,33.5406897,-7.6966328,,,,
culte_culture,596663848,way,,place_of_worship,33.547207,-7.6950183,,,,
culte_culture,596671527,way,,place_of_worship,33.5479782,-7.6785207,,,,
culte_culture,596671548,way,Mosquée el haj fateh,place_of_worship,33.5439736,-7.6791189,Boulevard Oued Daoura,,,
culte_culture,597015715,way,,place_of_worship,33.5404658,-7.6834713,Route Haj Fateh,,,
culte_culture,597081822,way,,place_of_worship,33.54641,-7.6735224,Boulevard HH 48,,,
culte_culture,597477529,way,Mosquée Alkadi Ayad,place_of_worship,33.534822,-7.6507129,Zanqat 60,,,
culte_culture,626044259,way,,place_of_worship,33.4737839,-7.6095058,,,,
culte_culture,629427979,way,Masjid Al Adarissa,place_of_worship,33.5157272,-7.6440156,,,,
culte_culture,639753049,way,مسجد أبو بكر,place_of_worship,33.5488681,-7.7033468,,Casablanca,,
culte_culture,684037531,way,Mosqée Ennassim,place_of_worship,33.5194924,-7.6620451,,,,
culte_culture,699294662,way,Mosquée Attakwa,place_of_worship,33.5168513,-7.6475518,,,,
culte_culture,738353230,way,Mosquée Al Yassir,place_of_worship,33.5926704,-7.5978908,,,,
culte_culture,767864274,way,msala bernoussi,place_of_worship,33.6202008,-7.4896621,,,,
culte_culture,908016103,way,Mosquée Ould el-Hamra,place_of_worship,33.6014165,-7.6182452,,,,
culte_culture,962177698,way,Mosquée Taouzer,place_of_worship,33.519964,-7.6093609,,,,
culte_culture,1106827594,way,مسجد المسيرة 2,place_of_worship,33.5724117,-7.5474777,,,,
culte_culture,1111892687,way,,place_of_worship,33.4500363,-7.4958716,,,,
culte_culture,1112254666,way,,place_of_worship,33.5346826,-7.6697865,,,,
culte_culture,1116929362,way,Mosquée Iraqui,place_of_worship,33.5186552,-7.6944777,,,,
culte_culture,1116929416,way,NOUR SALAM,place_of_worship,33.5129063,-7.7015515,,,,
culte_culture,1117229422,way,,place_of_worship,33.4902616,-7.6072977,,,,
culte_culture,1117614436,way,مسجد الإحسان,place_of_worship,33.5778379,-7.5434776,,,,
culte_culture,1131047317,way,Qaba'a,place_of_worship,33.6091165,-7.5367355,,,,
culte_culture,1151173198,way,,place_of_worship,33.5358866,-7.6788351,,,,
culte_culture,1182667393,way,Mosquee Zubair Bno Awan hlam Sakan,place_of_worship,33.5784898,-7.5013466,,,,
culte_culture,1214218064,way,Masjed Takadoum,place_of_worship,33.5822776,-7.5641629,,,,
culte_culture,1214218065,way,مسجد عقبة بن نافع,place_of_worship,33.5800062,-7.5620883,,,,
culte_culture,1217642411,way,Mosque Koudia,place_of_worship,33.5835048,-7.5612603,,,,
culte_culture,1217642475,way,,place_of_worship,33.5839178,-7.568725,,,,
culte_culture,1218117402,way,Mosque Al Israa & Miraj,place_of_worship,33.5886835,-7.553463,,,,
culte_culture,1218117454,way,مسجد الإخلاص,place_of_worship,33.5857532,-7.5605798,,,,
culte_culture,1260689628,way,mosquée,place_of_worship,33.5336485,-7.57887,,,,
culte_culture,1260698921,way,mosquée du marché,place_of_worship,33.5353287,-7.5813439,,,,
culte_culture,1308918545,way,Mosquée Al Adarissa مسجد الأدارسة,place_of_worship,33.5933242,-7.6463374,,,,
culte_culture,1310655069,way,Moquée,place_of_worship,33.5333289,-7.7453047,,,,
culte_culture,1314133742,way,Mosquée Ali ibn abi talib,place_of_worship,33.5361469,-7.6936309,acharfa,,,
culte_culture,1319106980,way,Mosquée Annour,place_of_worship,33.5261077,-7.5221977,,,,
culte_culture,1319106987,way,,place_of_worship,33.5320881,-7.5200991,,,,
culte_culture,1332060365,way,Église Anfa كنيسة أنفا,place_of_worship,33.5907989,-7.6412766,Rue Aïn Harrouda زنقة عين حرودة,,,
culte_culture,1342832556,way,Mosquée kasbat amine 1,place_of_worship,33.5333481,-7.6853767,,,,
culte_culture,1363594517,way,,place_of_worship,33.549507,-7.5564311,,,,
culte_culture,1372758049,way,Mosquée Al Kaoutar مسجد الكوثر,place_of_worship,33.5739549,-7.681538,Boulevard Abdelhadi Boutaleb شارع عبد الهادي بوطالب,Casablanca ⵜⴰⴷⴷⴰⵔⵜ ⵜⵓⵎⵍⵉⵍⵜ الدار البيضاء,,
culte_culture,1382618676,way,Mosquée Al-Saoud مسجد آل سعود,place_of_worship,33.5965368,-7.6655361,,,,
culte_culture,1383642663,way,,place_of_worship,33.531806,-7.5786293,,,,
culte_culture,1383650421,way,,place_of_worship,33.5296709,-7.5716561,,,,
culte_culture,1388399908,way,,place_of_worship,33.5832344,-7.6495247,,,,
culte_culture,1388403773,way,Villa des Arts دار الفنون,museum,33.586425,-7.6295548,,,,
culte_culture,1390260603,way,Mosquée,place_of_worship,33.5479099,-7.6498228,,,,
culte_culture,1391397006,way,,place_of_worship,33.5482298,-7.5373016,,,,
culte_culture,1391400193,way,مسجد فاطمة الزهراء,place_of_worship,33.5481239,-7.5312446,,,,
culte_culture,1392857054,way,,place_of_worship,33.5928177,-7.4878455,,,,
culte_culture,1393241810,way,,place_of_worship,33.5426463,-7.6109195,,,,
culte_culture,1419744924,way,Mosquée M'salla,place_of_worship,33.5456322,-7.6017436,,,,
culte_culture,1419744930,way,Mosquée Taha,place_of_worship,33.5511395,-7.6145733,,,,
culte_culture,1428859968,way,,place_of_worship,33.5762294,-7.4853191,,,,
culte_culture,1428879102,way,,place_of_worship,33.581041,-7.4756448,,,,
culte_culture,1431588795,way,,place_of_worship,33.5716624,-7.5095351,,,,
culte_culture,6002963,relation,Mosquée Hassan II مسجد الحسن الثاني,place_of_worship,33.6082269,-7.6323991,,Casablanca ⵜⴰⴷⴷⴰⵔⵜ ⵜⵓⵎⵍⵉⵍⵜ الدار البيضاء,,
culte_culture,8763173,relation,,place_of_worship,33.5155781,-7.6439311,,,,
culte_culture,12679400,relation,Mosquée Hassan II مسجد الحسن الثاني,place_of_worship,33.6082269,-7.6323991,Boulevard Sidi Mohammed Ben Abdellah,Casablanca ⵜⴰⴷⴷⴰⵔⵜ ⵜⵓⵎⵍⵉⵍⵜ الدار البيضاء,,
culte_culture,19223829,relation,Mosquée Badr مسجد بدر,place_of_worship,33.5940743,-7.6393356,,,,
